Timestamp,Email Address,Student ID,Full Name,Major(s),Minor(s),Graduation Year,Pronouns,Gender,Race & Ethnicity,Resume,Other Links (optional),Role,"What is important to you? Tell us about a problem you see in the world (big or small), what actions you’ve taken to make a positive impact, and what you learned.",Community is a core pillar of CTC. Tell us about a community you felt like you truly belonged to. What aspects do you hope to bring into the CTC family?,Write a short thank-you note acknowledging someone who has taught you something valuable and why it mattered (not a family member).,"Please briefly describe any relevant technical or group work experiences—it does not need to be extensive! For example, personal projects, internships, classes, or any technologies or projects that you’re excited about and would like to learn more about, etc.","At CTC, one of our favorite traditions is Lightning Talks, where a member gives a short presentation on an interest, passion, or hobby of theirs—some topics from last year were how to DJ, a self defense workshop, and all about Niki Zefanya. What would you give a lightning talk on and why?","Please list out any relevant classes you have taken so far or are taking at USC. Also, list out any planned commitments for the current school year and their estimated weekly time commitment."
8/1/2026 8:00:16,yara.lindgren@usc.edu,9684988562,Yara Lindgren,Statistics,,2027,she/her/hers,Female,Asian,https://drive.google.com/open?id=1U6V_pa0ba8rkEjHLWPIBFh1VsvHhncHs,https://www.linkedin.com/in/yaralindgren/,Developer,"Unclaimed produce at the farmers market is small compared to what people usually write about here, which is exactly why nobody had fixed it. It is the kind of problem that never becomes urgent enough to fix, so it just quietly costs people hours every week forever. I started a weekly pickup that routes leftovers to a shelter downtown. I learned that a solution nobody adopts is worth less than no solution at all.","The community I belonged to was a debate circuit that travelled by van, and it took me a year to notice it had become one. There was no hierarchy to speak of, which sounds idealistic and was mostly just practical: whoever knew how to do the thing did the thing, and taught the next person. The rule was that whoever knew the least got to ask first. What I would bring into CTC is that habit of making the entry cost low.","Dear Professor Diallo,

Thank you for teaching me that ""good enough, shipped"" beats ""perfect, someday"". You told me once, fairly bluntly, that I was hiding behind how much I had read. It was the most useful unkind thing anyone has said to me. I did not understand why it mattered until much later, when I caught myself doing it without deciding to.

— Yara","I built a scheduling tool for the volunteer tutoring programme I coordinate. Swift for the app, and a Raspberry Pi doing something it was not designed for. I learned that the optimal schedule was the one everybody hated, because I had optimised for the wrong thing. I want to learn how to scope a project so it can ship in a semester.",I would talk about the surprisingly bitter world of competitive crossword construction. I have given a version of this at a dinner table and it worked.,"CSCI 356, PSYC 314, CSCI 360, CSCI 201, CSCI 103; tutoring ~4 hrs/week"
8/1/2026 10:22:34,theo.marchetti@usc.edu,6630436769,Théo Marchetti,"Computer Science, Linguistics",Design,2028,he/him/his,Prefer not to say,White,https://drive.google.com/open?id=1TA__fvI9dqeWSPP3MwOyJ4mzD5z-ATI2,,Developer,"The problem I picked is e-waste from campus upgrades, which sounds minor until you count how many hours it costs the people carrying it. I spent last summer working somewhere it was impossible to ignore, and the pattern was always the same: the people closest to it had known about it for years and had never been asked. I built a spreadsheet, then an actual tool, that matches donations to need. It took about six weeks before anyone used it without being asked, and that was the real milestone rather than the day it worked. What I learned is that the most consequential decision in a project like this is usually not a technical one.","The community that shaped me most was a 6am swim squad nobody else wanted to join, mostly because it was bad at hierarchy. The whole thing ran on Sunday evenings, which meant everyone there had chosen it over something easier. It ran on a hundred small favours nobody kept score of. What I would bring to CTC is the unglamorous maintenance that keeps a community alive: the reminder message, the booked room, the noticing that somebody has gone quiet.","Dear Professor Novak,

Thank you for teaching me that being the least experienced person in a room is a resource, not a liability. The specific moment I keep returning to is the afternoon I handed in something I knew was mediocre, and instead of grading it you asked me what I would change if I had another week. I did not have an answer, which was the point. I think about it more than almost anything else I was formally taught, and I have started passing it on badly, which I am told is how these things travel. I do not think you would remember any of this, which is sort of the point — it cost you very little and it rearranged how I work.

— Théo","I built a screen reader plugin I shipped to roughly 60 users. Mostly Python and Postgres, with enough React to be dangerous. The useful part was sitting with the people using it rather than asking them what they wanted in the abstract. I am eager to learn more about accessibility work and about testing that is actually worth maintaining.","I would talk about how to fold a fitted sheet, performed live and with stakes. It is the only thing I can talk about for ten minutes with no notes. The best part is the bit where everyone realises they have been doing it wrong for years.","CSCI 201, PSYC 314, DSCI 351, MATH 225; marching band ~10 hrs/week"
8/1/2026 13:20:07,sekou.bourdon@usc.edu,4838121825,Sekou Bourdon,Electrical Engineering,Spanish,2027,she/her/hers,Female,White,https://drive.google.com/open?id=1l1zZ_TLzYT5d_HNK03h6-EHKLqb2SDwa,https://www.linkedin.com/in/sekoubourdon/,Designer,"I got interested in how few girls stayed in my school's robotics club through a job I took for the money and stayed in for other reasons. I had assumed somebody upstream was handling it. Nobody was, and the reason nobody was is that it belonged to no single person's job description. I ran a pilot with one classroom before asking the district for anything. I learned that a solution nobody adopts is worth less than no solution at all.","The community I belonged to was a mutual aid group that started as a group chat, and it took me a year to notice it had become one. People turned up for each other's unrelated stuff — recitals, matches, one memorably grim moving day — and that is the part I did not appreciate until it stopped. It was the first place where being confused out loud was normal. I would like to bring the part where the newest person is asked first.","Dear Coach Serrano,

Thank you for teaching me that I was allowed to start things without permission. You gave me a job that was slightly too hard on purpose and then made it obvious you were nearby. I have never had a better arrangement. I did not understand why it mattered until much later, when I caught myself doing it without deciding to.

— Sekou","I built a browser extension that strips recommendation feeds, now used by about 2,000 people. Java and C++ from coursework, Python and Django for anything I choose myself. The lesson was about adoption, not analysis: the first version had a 30% false positive rate and people turned it off inside a week. I am eager to learn more about accessibility work and about testing that is actually worth maintaining.",I would talk about an eight-minute history of the shipping container. I want an excuse to finally make the slides.,"DSCI 351, MATH 225, CSCI 201; intramural volleyball ~3 hrs/week"
8/1/2026 14:07:43,marta.pereira2@usc.edu,9194029455,Marta Pereira,Business Administration,Public Health,2028,he/him/his,Male,Native Hawaiian or Other Pacific Islander,https://drive.google.com/open?id=1BR4jJRNkU0fOanm09RFkpt_n3fnfb0QO,https://www.linkedin.com/in/martapereira/,Developer,"The problem I keep coming back to is digital literacy for older adults, mostly because I watched it up close. I spent last summer working somewhere it was impossible to ignore, and the pattern was always the same: the people closest to it had known about it for years and had never been asked. I rebuilt their intake form so it stopped losing half the submissions. What I learned was that the technical part was never the hard part.","I found it in the overnight shift at a campus radio station, which is not where I expected to find it. I joined because a friend dragged me and stayed because within a month three people had asked me to explain something and taken the answer seriously. It was the first place where being confused out loud was normal. What I would bring into CTC is that habit of making the entry cost low.","Dear Ms. Guerrero,

Thank you for teaching me that I was allowed to start things without permission. There was a week where I was clearly out of my depth and you neither rescued me nor let me drown, which I now understand took actual restraint. I did not understand why it mattered until much later, when I caught myself doing it without deciding to.

— Marta","I built a screen reader plugin I shipped to roughly 60 users. Go for the service, Figma for the parts I should not have been trusted with. The useful part was sitting with the people using it rather than asking them what they wanted in the abstract. I am keen to work on something with real users and real consequences for once.",I would talk about the surprisingly bitter world of competitive crossword construction. It is the only thing I can talk about for ten minutes with no notes.,"CSCI 104, BUAD 304, CSCI 170, ITP 259; research assistantship ~8 hrs/week"
8/1/2026 18:39:15,chiara.diallo@usc.edu,7326535740,Chiara Diallo,Industrial and Systems Engineering,Music Recording,2030,he/him/his,Male,Asian,https://drive.google.com/open?id=1rstCFnK70bMf9rR42nbTWjG-cVPI-BEa,https://www.linkedin.com/in/chiaradiallo/,Designer,"The problem I keep coming back to is transit deserts near campus, mostly because I watched it up close. I spent last summer working somewhere it was impossible to ignore, and the pattern was always the same: the people closest to it had known about it for years and had never been asked. I interviewed fourteen people before I wrote a single line of code. The lesson was that I should have asked the people doing the work before designing anything.","I found it in my high school's stage crew, which is not where I expected to find it. I joined because a friend dragged me and stayed because within a month three people had asked me to explain something and taken the answer seriously. People stayed after to clean up without anyone organising it. The thing worth carrying over is that nobody there performed competence they did not have.","Dear Dr. Sokolov,

Thank you for teaching me that the person who asks the naive question is doing everyone a favour. The specific moment I keep returning to is the afternoon I handed in something I knew was mediocre, and instead of grading it you asked me what I would change if I had another week. I did not have an answer, which was the point. I did not understand why it mattered until much later, when I caught myself doing it without deciding to.

— Chiara","I built a scheduling tool for the volunteer tutoring programme I coordinate. TypeScript, a lot of SQL, and more shell scripting than I expected. The lesson was about adoption, not analysis: the first version had a 30% false positive rate and people turned it off inside a week. I want to get better at systems design and at reading other people's code quickly.",I would talk about how to sight-read music badly but confidently. I have given a version of this at a dinner table and it worked.,"EE 109, CSCI 104, ITP 259, CSCI 360; part-time job ~12 hrs/week"
8/1/2026 19:08:22,lucas.nasser@usc.edu,5175676061,Lucas Nasser,Applied and Computational Mathematics,Human-Centered Design,2027,she/her/hers,Female,Asian,https://drive.google.com/open?id=106qikTf4PHlVKYpcJKo9iFMVH3hy11d-,,Developer,"E-waste from campus upgrades is small compared to what people usually write about here, which is exactly why nobody had fixed it. I spent last summer working somewhere it was impossible to ignore, and the pattern was always the same: the people closest to it had known about it for years and had never been asked. I organised a workshop and eleven people came to the first one. It taught me to make the first version much smaller than I wanted to.","The community I belonged to was a robotics team that met in a borrowed garage, and it took me a year to notice it had become one. We had almost nothing. One working laptop, a whiteboard somebody had rescued from a skip, and a standing agreement that you cleaned up whether or not it was your mess. We shared tools and, more importantly, shared credit. The thing worth carrying over is that nobody there performed competence they did not have.","Dear Coach Solberg,

Thank you for teaching me how to disagree with someone without making it about them. The specific moment I keep returning to is the afternoon I handed in something I knew was mediocre, and instead of grading it you asked me what I would change if I had another week. I did not have an answer, which was the point. I did not understand why it mattered until much later, when I caught myself doing it without deciding to.

— Lucas","I built a browser extension that strips recommendation feeds, now used by about 2,000 people. TypeScript, a lot of SQL, and more shell scripting than I expected. The useful part was sitting with the people using it rather than asking them what they wanted in the abstract. I am keen to work on something with real users and real consequences for once.",I would talk about why my hometown has three names. Everyone thinks they already know this and nearly everyone is wrong.,"MATH 226, CSCI 104; club soccer ~6 hrs/week"
8/1/2026 22:18:35,clara.pereira@usc.edu,1619195014,Clara Pereira,Business Administration,Music Recording,2027,she/her/hers,Male,Asian,https://drive.google.com/open?id=1rrzT2F1dGKBWPKm0qvDYHWBOkRF16Xox,https://www.linkedin.com/in/clarapereira/,Designer,The problem I would pick is how hard it is to find mental health care. I want to keep working on things like this.,I felt like I belonged to a robotics team that met in a borrowed garage. I hope to bring that energy to CTC.,"Dear Coach Diallo,

Thank you for teaching me that the person who asks the naive question is doing everyone a favour. It mattered to me.

— Clara","I built a parser for a niche scientific file format, now with eight regular bug reporters. I am keen to work on something with real users and real consequences for once.","I would talk about how to read a subway map, and why almost every city gets it wrong. It is interesting.","EE 109, MATH 225; another club board position ~5 hrs/week; part-time job ~12 hrs/week"
8/2/2026 0:29:24,ingrid.silva@usc.edu,7906048491,Ingrid Silva,Business Administration,Social Entrepreneurship,2029,she/her/hers,Female,Black or African American,https://drive.google.com/open?id=1ohNg8NO4f5lGo3E9N2LslgYhJccp2bm3,,Developer,"E-waste from campus upgrades is small compared to what people usually write about here, which is exactly why nobody had fixed it. What made it stick was realising that everybody involved was competent and well-meaning and it still did not work, which meant the problem was structural rather than anybody's fault. I ran a pilot with one classroom before asking the district for anything. The lesson was that I should have asked the people doing the work before designing anything.","I found it in a church youth orchestra with no conductor, which is not where I expected to find it. I joined because a friend dragged me and stayed because within a month three people had asked me to explain something and taken the answer seriously. Nobody there cared what I was good at yet, only whether I showed up. What I would bring into CTC is that habit of making the entry cost low.","Dear Ms. Nasser,

Thank you for teaching me that I should write the thing down before I believe I understand it. There was a week where I was clearly out of my depth and you neither rescued me nor let me drown, which I now understand took actual restraint. I did not understand why it mattered until much later, when I caught myself doing it without deciding to.

— Ingrid","I built a compiler for a small statically typed language, continued well past the course. Mostly Python and Postgres, with enough React to be dangerous. What surprised me was the maintenance cost; I had thought of shipping as the finish line. I want to learn how to scope a project so it can ship in a semester.",I would talk about why every restaurant menu is designed badly on purpose. I want an excuse to finally make the slides.,"MATH 225, CSCI 103, MATH 407, CSCI 360, MATH 226; tutoring ~4 hrs/week"
8/2/2026 2:12:06,niko.adeyemi@usc.edu,6896817715,Niko Adeyemi,Computer Engineering and Computer Science,Computer Programming,2029,he/him/his,Female,Prefer not to say,https://drive.google.com/open?id=18Eb9w3Jth7YT-mKwS88-csnxIxVvBnFS,https://www.linkedin.com/in/nikoadeyemi/,Product Manager,"I did not expect to care about how volunteer tutoring gets matched, and then I spent a summer close to it. I had assumed somebody upstream was handling it. Nobody was, and the reason nobody was is that it belonged to no single person's job description. I started a weekly pickup that routes leftovers to a shelter downtown. I learned that a solution nobody adopts is worth less than no solution at all.","The community I belonged to was a Discord server for a game that died years ago, and it took me a year to notice it had become one. People turned up for each other's unrelated stuff — recitals, matches, one memorably grim moving day — and that is the part I did not appreciate until it stopped. People stayed after to clean up without anyone organising it. The thing worth carrying over is that nobody there performed competence they did not have.","Dear Mr. Tanaka,

Thank you for teaching me how to disagree with someone without making it about them. I remember you stopping a whole session because one person had not followed, and doing it in a way that made it obvious the fault was in the explanation rather than in them. I have tried to run every meeting I lead like that since. I did not understand why it mattered until much later, when I caught myself doing it without deciding to.

— Niko","I built a static analysis pass that flags database queries inside loops. Swift for the app, and a Raspberry Pi doing something it was not designed for. What surprised me was the maintenance cost; I had thought of shipping as the finish line. I am keen to work on something with real users and real consequences for once.","I would talk about how to fold a fitted sheet, performed live and with stakes. I have given a version of this at a dinner table and it worked.","CSCI 356, MATH 407, CSCI 170, CSCI 103; part-time job ~12 hrs/week"
8/2/2026 3:45:54,santiago.khan@usc.edu,4698685253,Santiago Khan,Cognitive Science,Social Entrepreneurship,2029,they/them/theirs,Female,White,https://drive.google.com/open?id=1fd40m5WXtJ7xv6wpy3DiOwxDAQUNOv5E,https://www.linkedin.com/in/santiagokhan/,Developer,"Digital literacy for older adults is small compared to what people usually write about here, which is exactly why nobody had fixed it. It is the kind of problem that never becomes urgent enough to fix, so it just quietly costs people hours every week forever. I built a spreadsheet, then an actual tool, that matches donations to need. I learned that a solution nobody adopts is worth less than no solution at all.","I found it in a community garden run entirely by retirees and me, which is not where I expected to find it. We had almost nothing. One working laptop, a whiteboard somebody had rescued from a skip, and a standing agreement that you cleaned up whether or not it was your mess. We shared tools and, more importantly, shared credit. The thing worth carrying over is that nobody there performed competence they did not have.","Dear Ms. Guerrero,

Thank you for teaching me that the person who asks the naive question is doing everyone a favour. You told me once, fairly bluntly, that I was hiding behind how much I had read. It was the most useful unkind thing anyone has said to me. I did not understand why it mattered until much later, when I caught myself doing it without deciding to.

— Santiago","I built a model predicting missed clinic appointments, so patients could be called the day before. Java and C++ from coursework, Python and Django for anything I choose myself. The useful part was sitting with the people using it rather than asking them what they wanted in the abstract. I want to get better at systems design and at reading other people's code quickly.",I would talk about the surprisingly bitter world of competitive crossword construction. I want an excuse to finally make the slides.,"CSCI 270, CSCI 201, CSCI 360, MATH 407; research assistantship ~8 hrs/week"
8/2/2026 5:41:49,kwame.zaman@usc.edu,7485758068,Kwame Zaman,Electrical Engineering,Design,2027,he/him/his,Male,Asian,https://drive.google.com/open?id=1Ww244WQnj4s3qlwM6yANjYNb-t1DwXIp,,Product Manager,"The problem I keep coming back to is the cost of textbooks, mostly because I watched it up close. It is the kind of problem that never becomes urgent enough to fix, so it just quietly costs people hours every week forever. I trained two other volunteers so it would survive me graduating. I learned that a solution nobody adopts is worth less than no solution at all.","The community I belonged to was the kitchen of my family's restaurant, and it took me a year to notice it had become one. There was no hierarchy to speak of, which sounds idealistic and was mostly just practical: whoever knew how to do the thing did the thing, and taught the next person. People stayed after to clean up without anyone organising it. The thing worth carrying over is that nobody there performed competence they did not have.","Dear Mr. Yilmaz,

Thank you for teaching me that ""good enough, shipped"" beats ""perfect, someday"". The specific moment I keep returning to is the afternoon I handed in something I knew was mediocre, and instead of grading it you asked me what I would change if I had another week. I did not have an answer, which was the point. I did not understand why it mattered until much later, when I caught myself doing it without deciding to.

— Kwame","I built an internship on a payments team, mostly writing migrations and tests. Mostly Python and Postgres, with enough React to be dangerous. The lesson was about adoption, not analysis: the first version had a 30% false positive rate and people turned it off inside a week. I would like to get properly good at databases rather than superstitious about them.",I would talk about what actually happens when you flush on an aeroplane. It changed how I look at a city and I want to inflict that on other people.,"CSCI 103, BUAD 304, CSCI 356; TA office hours ~6 hrs/week; research assistantship ~8 hrs/week"
8/2/2026 8:27:28,divya.cabrera@usc.edu,3465449297,Divya Cabrera,Computer Science and Business Administration,,2030,he/him/his,Male,White,https://drive.google.com/open?id=1Q67bNDyDzAE6oYEuqApamOGX8rZboOGc,https://www.linkedin.com/in/divyacabrera/,Designer,"I got interested in language access at the county courthouse through a job I took for the money and stayed in for other reasons. I spent last summer working somewhere it was impossible to ignore, and the pattern was always the same: the people closest to it had known about it for years and had never been asked. I started a weekly pickup that routes leftovers to a shelter downtown. It taught me to make the first version much smaller than I wanted to.","I found it in a robotics team that met in a borrowed garage, which is not where I expected to find it. There was no hierarchy to speak of, which sounds idealistic and was mostly just practical: whoever knew how to do the thing did the thing, and taught the next person. People stayed after to clean up without anyone organising it. The thing worth carrying over is that nobody there performed competence they did not have.","Dear Dr. Chaudhry,

Thank you for teaching me that a wrong answer said out loud is worth more than a right one kept quiet. The specific moment I keep returning to is the afternoon I handed in something I knew was mediocre, and instead of grading it you asked me what I would change if I had another week. I did not have an answer, which was the point. I did not understand why it mattered until much later, when I caught myself doing it without deciding to.

— Divya","I built an inventory app for my family's restaurant, written in Django one summer. TypeScript, a lot of SQL, and more shell scripting than I expected. It taught me that a tool nobody trusts is worse than no tool, because it burns the next person's credibility too. I want to get better at systems design and at reading other people's code quickly.",I would talk about why every restaurant menu is designed badly on purpose. Everyone thinks they already know this and nearly everyone is wrong.,"CSCI 103, CSCI 356; intramural volleyball ~3 hrs/week; TA office hours ~6 hrs/week"
8/2/2026 8:30:31,felix.okonkwo@usc.edu,7999180246,Felix Okonkwo,Political Science,Occupational Science,2027,she/her/hers,Male,Black or African American,https://drive.google.com/open?id=1H1e8FwURLQgJa_Zl0BPXQrushXdbTlnY,https://www.linkedin.com/in/felixokonkwo/,Developer,"I care about unclaimed produce at the farmers market, and I want to be precise about why rather than gesturing at it. What made it stick was realising that everybody involved was competent and well-meaning and it still did not work, which meant the problem was structural rather than anybody's fault. I started a weekly pickup that routes leftovers to a shelter downtown. Two people still run it now that I have handed it over, which matters more to me than anything about how it was built. I learned to build the boring, durable version rather than the impressive one, because I would not be there in a year.","The community that shaped me most was a debate circuit that travelled by van, mostly because it was bad at hierarchy. People turned up for each other's unrelated stuff — recitals, matches, one memorably grim moving day — and that is the part I did not appreciate until it stopped. It was the first place where being confused out loud was normal. What I would bring to CTC is the unglamorous maintenance that keeps a community alive: the reminder message, the booked room, the noticing that somebody has gone quiet.","Dear Coach Lindqvist,

Thank you for teaching me that ""good enough, shipped"" beats ""perfect, someday"". There was a week where I was clearly out of my depth and you neither rescued me nor let me drown, which I now understand took actual restraint. I think about it more than almost anything else I was formally taught, and I have started passing it on badly, which I am told is how these things travel. I do not think you would remember any of this, which is sort of the point — it cost you very little and it rearranged how I work.

— Felix","I built a screen reader plugin I shipped to roughly 60 users. TypeScript, a lot of SQL, and more shell scripting than I expected. I learned that the optimal schedule was the one everybody hated, because I had optimised for the wrong thing. I would like to get properly good at databases rather than superstitious about them.","I would talk about what actually happens when you flush on an aeroplane. Everyone thinks they already know this and nearly everyone is wrong. I would keep it to four minutes and take questions, because the questions are better than the talk.","CSCI 104, MATH 225, CSCI 270; research assistantship ~8 hrs/week"
8/2/2026 14:06:12,santiago.lindqvist2@usc.edu,6173611220,Santiago Lindqvist,Cognitive Science,Music Recording,2030,he/him/his,Male,Hispanic or Latino,https://drive.google.com/open?id=1p0EP9Xecnl6vgVHzWrl5P96MMPna20mx,,Developer,"Food waste in dining halls is small compared to what people usually write about here, which is exactly why nobody had fixed it. What made it stick was realising that everybody involved was competent and well-meaning and it still did not work, which meant the problem was structural rather than anybody's fault. I ran a pilot with one classroom before asking the district for anything. What I learned was that the technical part was never the hard part.","A robotics team that met in a borrowed garage is the honest answer, even though it is not the impressive one. People turned up for each other's unrelated stuff — recitals, matches, one memorably grim moving day — and that is the part I did not appreciate until it stopped. People stayed after to clean up without anyone organising it. What I would bring into CTC is that habit of making the entry cost low.","Dear Dr. Guerrero,

Thank you for teaching me that I was allowed to start things without permission. You gave me a job that was slightly too hard on purpose and then made it obvious you were nearby. I have never had a better arrangement. I did not understand why it mattered until much later, when I caught myself doing it without deciding to.

— Santiago","I built a browser extension that strips recommendation feeds, now used by about 2,000 people. Mostly Python and Postgres, with enough React to be dangerous. It taught me that a tool nobody trusts is worse than no tool, because it burns the next person's credibility too. I am eager to learn more about accessibility work and about testing that is actually worth maintaining.","I would talk about how to fold a fitted sheet, performed live and with stakes. I have given a version of this at a dinner table and it worked.","CSCI 356, CSCI 201, MATH 225, WRIT 150; club soccer ~6 hrs/week; part-time job ~12 hrs/week"
8/2/2026 15:21:49,paloma.haddad@usc.edu,4587748822,Paloma Haddad,Biomedical Engineering,Cinematic Arts,2029,she/her/hers,Male,Two or more races,https://drive.google.com/open?id=1aIbQcqQ1ytc0RRFJa5Mg-tNLpzGIfXSO,https://www.linkedin.com/in/palomahaddad/,Developer,"The problem I keep coming back to is digital literacy for older adults, mostly because I watched it up close. I had assumed somebody upstream was handling it. Nobody was, and the reason nobody was is that it belonged to no single person's job description. I rebuilt their intake form so it stopped losing half the submissions. The lesson was that I should have asked the people doing the work before designing anything.","The kitchen of my family's restaurant is the honest answer, even though it is not the impressive one. People turned up for each other's unrelated stuff — recitals, matches, one memorably grim moving day — and that is the part I did not appreciate until it stopped. It was the first place where being confused out loud was normal. I would like to bring the part where the newest person is asked first.","Dear Ms. Nair,

Thank you for teaching me that a wrong answer said out loud is worth more than a right one kept quiet. You gave me a job that was slightly too hard on purpose and then made it obvious you were nearby. I have never had a better arrangement. I did not understand why it mattered until much later, when I caught myself doing it without deciding to.

— Paloma","I built an inventory app for my family's restaurant, written in Django one summer. TypeScript, a lot of SQL, and more shell scripting than I expected. The useful part was sitting with the people using it rather than asking them what they wanted in the abstract. I want to learn how to scope a project so it can ship in a semester.","I would talk about how to read a subway map, and why almost every city gets it wrong. It changed how I look at a city and I want to inflict that on other people.","PSYC 314, BUAD 304, CSCI 356; part-time job ~12 hrs/week"
8/2/2026 17:04:36,santiago.nakamura@usc.edu,8541400835,Santiago Nakamura,International Relations,Cinematic Arts,2027,she/her/hers,Male,White,https://drive.google.com/open?id=1sRfVbxMhdo02YjGsMuloP38BhbHpOxJw,https://www.linkedin.com/in/santiagonakamura/,Developer,"How volunteer tutoring gets matched is small compared to what people usually write about here, which is exactly why nobody had fixed it. I spent last summer working somewhere it was impossible to ignore, and the pattern was always the same: the people closest to it had known about it for years and had never been asked. I started a weekly pickup that routes leftovers to a shelter downtown. It taught me to make the first version much smaller than I wanted to.","The community I belonged to was my high school's stage crew, and it took me a year to notice it had become one. We had almost nothing. One working laptop, a whiteboard somebody had rescued from a skip, and a standing agreement that you cleaned up whether or not it was your mess. It was the first place where being confused out loud was normal. What I would bring into CTC is that habit of making the entry cost low.","Dear Mr. Nwosu,

Thank you for teaching me that I was allowed to start things without permission. You gave me a job that was slightly too hard on purpose and then made it obvious you were nearby. I have never had a better arrangement. I did not understand why it mattered until much later, when I caught myself doing it without deciding to.

— Santiago","I built a parser for a niche scientific file format, now with eight regular bug reporters. TypeScript, a lot of SQL, and more shell scripting than I expected. I learned that the optimal schedule was the one everybody hated, because I had optimised for the wrong thing. I would like to get properly good at databases rather than superstitious about them.",I would talk about an eight-minute history of the shipping container. I want an excuse to finally make the slides.,"BUAD 304, CSCI 360, CSCI 201; club soccer ~6 hrs/week; TA office hours ~6 hrs/week"
8/2/2026 19:23:55,kwame.novak@usc.edu,5432504944,Kwame Novak,Biomedical Engineering,Music Recording,2027,they/them/theirs,Male,Asian,https://drive.google.com/open?id=1ladBVXz_jAkHi8qeedB2vm_Z4KmpXIbI,https://www.linkedin.com/in/kwamenovak/,Designer,"The problem I keep coming back to is food waste in dining halls, mostly because I watched it up close. What made it stick was realising that everybody involved was competent and well-meaning and it still did not work, which meant the problem was structural rather than anybody's fault. I started a weekly pickup that routes leftovers to a shelter downtown. I learned that a solution nobody adopts is worth less than no solution at all.","A Discord server for a game that died years ago is the honest answer, even though it is not the impressive one. The whole thing ran on Sunday evenings, which meant everyone there had chosen it over something easier. We shared tools and, more importantly, shared credit. What I would bring into CTC is that habit of making the entry cost low.","Dear Ms. Fujimoto,

Thank you for teaching me that the person who asks the naive question is doing everyone a favour. I remember you stopping a whole session because one person had not followed, and doing it in a way that made it obvious the fault was in the explanation rather than in them. I have tried to run every meeting I lead like that since. I did not understand why it mattered until much later, when I caught myself doing it without deciding to.

— Kwame","I built a scheduling tool for the volunteer tutoring programme I coordinate. Java and C++ from coursework, Python and Django for anything I choose myself. It taught me that a tool nobody trusts is worse than no tool, because it burns the next person's credibility too. I am keen to work on something with real users and real consequences for once.","I would talk about how to fold a fitted sheet, performed live and with stakes. I want an excuse to finally make the slides.","BUAD 304, MATH 226, WRIT 150; another club board position ~5 hrs/week"
8/2/2026 19:24:26,dmitri.solberg@usc.edu,9760907061,Dmitri Solberg,Political Science,Social Entrepreneurship,2029,he/him/his,Female,White,https://drive.google.com/open?id=1UC0r5zZneyIusiUu9jiUCjjZAp3IcpCU,,Developer,"The way clinics schedule appointments is the problem I have actually done something about, so it is the one I will write about. The version of it I know best is narrow — one office, one process, maybe two hundred people affected — but I could see the whole shape of it from there. I trained two other volunteers so it would survive me graduating. The first version was worse than the spreadsheet it replaced, which was humbling and useful in roughly equal measure. I learned to build the boring, durable version rather than the impressive one, because I would not be there in a year.","I belonged to a robotics team that met in a borrowed garage, and I have spent a while trying to work out what made it work so I could reproduce it. There was no hierarchy to speak of, which sounds idealistic and was mostly just practical: whoever knew how to do the thing did the thing, and taught the next person. People stayed after to clean up without anyone organising it. The thing I would carry in is that we lowered the bar to enter and raised it to stay, and both mattered.","Dear Dr. Osei,

Thank you for teaching me that the person who asks the naive question is doing everyone a favour. There was a week where I was clearly out of my depth and you neither rescued me nor let me drown, which I now understand took actual restraint. I think about it more than almost anything else I was formally taught, and I have started passing it on badly, which I am told is how these things travel. I do not think you would remember any of this, which is sort of the point — it cost you very little and it rearranged how I work.

— Dmitri","I built a model predicting missed clinic appointments, so patients could be called the day before. Swift for the app, and a Raspberry Pi doing something it was not designed for. It taught me that a tool nobody trusts is worse than no tool, because it burns the next person's credibility too. I want to get better at systems design and at reading other people's code quickly.","I would talk about how to read a subway map, and why almost every city gets it wrong. I have given a version of this at a dinner table and it worked. It ends with a genuinely unresolved argument, which I think is a better ending than a conclusion.","CSCI 170, MATH 226, WRIT 150; another club board position ~5 hrs/week"
8/3/2026 1:40:33,isabel.aziz@usc.edu,1931093309,Isabel Aziz,Computer Engineering and Computer Science,,2028,she/her/hers,Female,Hispanic or Latino,https://drive.google.com/open?id=1WX2fO--YKxpTCD1ERl3GO6cZSjEo36rz,,Developer,"Food waste in dining halls is the problem I have actually done something about, so it is the one I will write about. I spent last summer working somewhere it was impossible to ignore, and the pattern was always the same: the people closest to it had known about it for years and had never been asked. I wrote a script that cut a four-hour manual process to about ten minutes. The first version was worse than the spreadsheet it replaced, which was humbling and useful in roughly equal measure. What I learned is that the most consequential decision in a project like this is usually not a technical one.","I belonged to a 6am swim squad nobody else wanted to join, and I have spent a while trying to work out what made it work so I could reproduce it. People turned up for each other's unrelated stuff — recitals, matches, one memorably grim moving day — and that is the part I did not appreciate until it stopped. It was the first place where being confused out loud was normal. What I would bring to CTC is the unglamorous maintenance that keeps a community alive: the reminder message, the booked room, the noticing that somebody has gone quiet.","Dear Mr. Nair,

Thank you for teaching me that ""good enough, shipped"" beats ""perfect, someday"". You told me once, fairly bluntly, that I was hiding behind how much I had read. It was the most useful unkind thing anyone has said to me. I think about it more than almost anything else I was formally taught, and I have started passing it on badly, which I am told is how these things travel. I do not think you would remember any of this, which is sort of the point — it cost you very little and it rearranged how I work.

— Isabel","I built an inventory app for my family's restaurant, written in Django one summer. Java and C++ from coursework, Python and Django for anything I choose myself. The useful part was sitting with the people using it rather than asking them what they wanted in the abstract. I would like to get properly good at databases rather than superstitious about them.","I would talk about competitive dog agility, which I promise is a real sport. I want an excuse to finally make the slides. The best part is the bit where everyone realises they have been doing it wrong for years.","DSCI 351, MATH 407, CSCI 356, BUAD 304, CSCI 270; research assistantship ~8 hrs/week"
8/3/2026 4:29:58,sofia.tran@usc.edu,6845362255,Sofia Trần,"Computer Science, Linguistics",Cinematic Arts,2030,they/them/theirs,Female,Asian,https://drive.google.com/open?id=13UsLNvPv5ciThOPMdSqWfcaJJFRgE2eC,,Developer,"The cost of textbooks is small compared to what people usually write about here, which is exactly why nobody had fixed it. It is the kind of problem that never becomes urgent enough to fix, so it just quietly costs people hours every week forever. I trained two other volunteers so it would survive me graduating. It taught me to make the first version much smaller than I wanted to.","The community I belonged to was a community garden run entirely by retirees and me, and it took me a year to notice it had become one. The whole thing ran on Sunday evenings, which meant everyone there had chosen it over something easier. It ran on a hundred small favours nobody kept score of. The thing worth carrying over is that nobody there performed competence they did not have.","Dear Professor Park,

Thank you for teaching me that I should write the thing down before I believe I understand it. There was a week where I was clearly out of my depth and you neither rescued me nor let me drown, which I now understand took actual restraint. I did not understand why it mattered until much later, when I caught myself doing it without deciding to.

— Sofia","I built a compiler for a small statically typed language, continued well past the course. Mostly Python and Postgres, with enough React to be dangerous. It taught me that a tool nobody trusts is worse than no tool, because it burns the next person's credibility too. I am keen to work on something with real users and real consequences for once.","I would talk about how to fold a fitted sheet, performed live and with stakes. I want an excuse to finally make the slides.","EE 109, CSCI 356, CSCI 103, MATH 226; research assistantship ~8 hrs/week"
8/3/2026 6:08:16,bilal.costa@usc.edu,6523686923,Bilal Costa,Electrical Engineering,Music Recording,2029,he/him/his,Nonbinary,Hispanic or Latino,https://drive.google.com/open?id=1K0CB0Co1vTdhFA7TSeJh5mMpx3PMxFMF,,Developer,"I care about e-waste from campus upgrades, and I want to be precise about why rather than gesturing at it. I spent last summer working somewhere it was impossible to ignore, and the pattern was always the same: the people closest to it had known about it for years and had never been asked. I wrote a script that cut a four-hour manual process to about ten minutes. It saves them somewhere around five hours a week, which is not dramatic, but it is five hours a week that nobody has to argue for. The thing I got wrong was optimising for the outcome I could measure instead of the one that mattered.","The community that shaped me most was a Discord server for a game that died years ago, mostly because it was bad at hierarchy. I joined because a friend dragged me and stayed because within a month three people had asked me to explain something and taken the answer seriously. It was the first place where being confused out loud was normal. The thing I would carry in is that we lowered the bar to enter and raised it to stay, and both mattered.","Dear Dr. Iqbal,

Thank you for teaching me that a wrong answer said out loud is worth more than a right one kept quiet. You gave me a job that was slightly too hard on purpose and then made it obvious you were nearby. I have never had a better arrangement. I think about it more than almost anything else I was formally taught, and I have started passing it on badly, which I am told is how these things travel. I hope you are still doing it for whoever came after me.

— Bilal","I built a scheduling tool for the volunteer tutoring programme I coordinate. TypeScript, a lot of SQL, and more shell scripting than I expected. The lesson was about adoption, not analysis: the first version had a 30% false positive rate and people turned it off inside a week. I want to learn how to scope a project so it can ship in a semester.","I would talk about the surprisingly bitter world of competitive crossword construction. It is the only thing I can talk about for ten minutes with no notes. I would need about three slides and one prop, and I already own the prop.","MATH 226, CSCI 104; campus radio show ~2 hrs/week"
8/3/2026 6:13:27,viktor.mansour@usc.edu,8993268139,Viktor Mansour,"Computer Science, Linguistics",Occupational Science,2029,he/him/his,Female,White,https://drive.google.com/open?id=1RNFRtoX04MbsZOMzLx_zwjd4meq7gU2A,https://www.linkedin.com/in/viktormansour/,Developer,"How few girls stayed in my school's robotics club is the problem I have actually done something about, so it is the one I will write about. I had assumed somebody upstream was handling it. Nobody was, and the reason nobody was is that it belonged to no single person's job description. I rebuilt their intake form so it stopped losing half the submissions. The first version was worse than the spreadsheet it replaced, which was humbling and useful in roughly equal measure. The thing I got wrong was optimising for the outcome I could measure instead of the one that mattered.","I belonged to a mutual aid group that started as a group chat, and I have spent a while trying to work out what made it work so I could reproduce it. There was no hierarchy to speak of, which sounds idealistic and was mostly just practical: whoever knew how to do the thing did the thing, and taught the next person. Nobody there cared what I was good at yet, only whether I showed up. I would want to bring the norm that you can say you do not understand something in a room full of people nodding.","Dear Dr. Nair,

Thank you for teaching me that ""good enough, shipped"" beats ""perfect, someday"". You told me once, fairly bluntly, that I was hiding behind how much I had read. It was the most useful unkind thing anyone has said to me. I think about it more than almost anything else I was formally taught, and I have started passing it on badly, which I am told is how these things travel. I have not told you any of this, so consider this the version I would say badly in person.

— Viktor","I built an inventory app for my family's restaurant, written in Django one summer. TypeScript, a lot of SQL, and more shell scripting than I expected. It taught me that a tool nobody trusts is worse than no tool, because it burns the next person's credibility too. I am eager to learn more about accessibility work and about testing that is actually worth maintaining.","I would talk about why my hometown has three names. Everyone thinks they already know this and nearly everyone is wrong. I would keep it to four minutes and take questions, because the questions are better than the talk.","CSCI 360, CSCI 201, DSCI 351, CSCI 104, CSCI 103; research assistantship ~8 hrs/week; campus radio show ~2 hrs/week"
8/3/2026 6:48:31,milan.guerrero@usc.edu,8920033240,Milan Guerrero,Public Policy,Social Entrepreneurship,2030,they/them/theirs,Male,Two or more races,https://drive.google.com/open?id=1TccDAQlL68gSAKeKM-_3bpaYMP-RPrtk,,Developer,"E-waste from campus upgrades is small compared to what people usually write about here, which is exactly why nobody had fixed it. What made it stick was realising that everybody involved was competent and well-meaning and it still did not work, which meant the problem was structural rather than anybody's fault. I rebuilt their intake form so it stopped losing half the submissions. The lesson was that I should have asked the people doing the work before designing anything.","A church youth orchestra with no conductor is the honest answer, even though it is not the impressive one. There was no hierarchy to speak of, which sounds idealistic and was mostly just practical: whoever knew how to do the thing did the thing, and taught the next person. The rule was that whoever knew the least got to ask first. What I would bring into CTC is that habit of making the entry cost low.","Dear Dr. Volkov,

Thank you for teaching me that ""good enough, shipped"" beats ""perfect, someday"". The specific moment I keep returning to is the afternoon I handed in something I knew was mediocre, and instead of grading it you asked me what I would change if I had another week. I did not have an answer, which was the point. I did not understand why it mattered until much later, when I caught myself doing it without deciding to.

— Milan","I built a static analysis pass that flags database queries inside loops. Java and C++ from coursework, Python and Django for anything I choose myself. What surprised me was the maintenance cost; I had thought of shipping as the finish line. I would like to get properly good at databases rather than superstitious about them.",I would talk about what actually happens when you flush on an aeroplane. It is the only thing I can talk about for ten minutes with no notes.,"ITP 259, DSCI 351; intramural volleyball ~3 hrs/week; tutoring ~4 hrs/week"
8/3/2026 7:11:00,rania.solberg@usc.edu,2021000364,Rania Solberg,Economics,Public Health,2030,she/her/hers,Nonbinary,Asian,https://drive.google.com/open?id=1xWYBmvoamw2UTBTo5z40Ys_Syu59d21m,,Developer,"The problem I keep coming back to is digital literacy for older adults, mostly because I watched it up close. What made it stick was realising that everybody involved was competent and well-meaning and it still did not work, which meant the problem was structural rather than anybody's fault. I organised a workshop and eleven people came to the first one. The lesson was that I should have asked the people doing the work before designing anything.","A 6am swim squad nobody else wanted to join is the honest answer, even though it is not the impressive one. The whole thing ran on Sunday evenings, which meant everyone there had chosen it over something easier. The rule was that whoever knew the least got to ask first. What I would bring into CTC is that habit of making the entry cost low.","Dear Ms. Diallo,

Thank you for teaching me how to disagree with someone without making it about them. There was a week where I was clearly out of my depth and you neither rescued me nor let me drown, which I now understand took actual restraint. I did not understand why it mattered until much later, when I caught myself doing it without deciding to.

— Rania","I built a model predicting missed clinic appointments, so patients could be called the day before. Swift for the app, and a Raspberry Pi doing something it was not designed for. The useful part was sitting with the people using it rather than asking them what they wanted in the abstract. I want to learn how to scope a project so it can ship in a semester.",I would talk about why every restaurant menu is designed badly on purpose. I have given a version of this at a dinner table and it worked.,"CSCI 170, CSCI 360, PSYC 314, CSCI 201; TA office hours ~6 hrs/week"
8/3/2026 11:25:05,greta.tran@usc.edu,3409281592,Greta Trần,Industrial and Systems Engineering,Philosophy,2027,,Female,Asian,https://drive.google.com/open?id=1wyaIr3AUBrZCJnXNbWVOo5wacbmsCrDm,,Developer,"The problem I keep coming back to is e-waste from campus upgrades, mostly because I watched it up close. The version of it I know best is narrow — one office, one process, maybe two hundred people affected — but I could see the whole shape of it from there. I organised a workshop and eleven people came to the first one. The lesson was that I should have asked the people doing the work before designing anything.","A church youth orchestra with no conductor is the honest answer, even though it is not the impressive one. People turned up for each other's unrelated stuff — recitals, matches, one memorably grim moving day — and that is the part I did not appreciate until it stopped. People stayed after to clean up without anyone organising it. The thing worth carrying over is that nobody there performed competence they did not have.","Dear Ms. Papadakis,

Thank you for teaching me that ""good enough, shipped"" beats ""perfect, someday"". The specific moment I keep returning to is the afternoon I handed in something I knew was mediocre, and instead of grading it you asked me what I would change if I had another week. I did not have an answer, which was the point. I did not understand why it mattered until much later, when I caught myself doing it without deciding to.

— Greta","I built a scheduling tool for the volunteer tutoring programme I coordinate. Swift for the app, and a Raspberry Pi doing something it was not designed for. It taught me that a tool nobody trusts is worse than no tool, because it burns the next person's credibility too. I want to get better at systems design and at reading other people's code quickly.",I would talk about how to sight-read music badly but confidently. I have given a version of this at a dinner table and it worked.,"WRIT 150, MATH 226, CSCI 201, CSCI 270, CSCI 103; tutoring ~4 hrs/week; another club board position ~5 hrs/week"
8/3/2026 12:53:58,bilal.roy@usc.edu,3318208191,Bilal Roy,Mechanical Engineering,,2030,she/they,Female,Prefer not to say,https://drive.google.com/open?id=1D-oqugeTN1ldKoPflkvLjWPLYNUkpOWp,,Developer,"The problem I picked is unclaimed produce at the farmers market, which sounds minor until you count how many hours it costs the people carrying it. The version of it I know best is narrow — one office, one process, maybe two hundred people affected — but I could see the whole shape of it from there. I ran a pilot with one classroom before asking the district for anything. Two people still run it now that I have handed it over, which matters more to me than anything about how it was built. What stayed with me is how much of the work was earning enough trust to be allowed to help.","The community that shaped me most was my high school's stage crew, mostly because it was bad at hierarchy. We had almost nothing. One working laptop, a whiteboard somebody had rescued from a skip, and a standing agreement that you cleaned up whether or not it was your mess. It was the first place where being confused out loud was normal. What I would bring to CTC is the unglamorous maintenance that keeps a community alive: the reminder message, the booked room, the noticing that somebody has gone quiet.","Dear Dr. Marchetti,

Thank you for teaching me that a wrong answer said out loud is worth more than a right one kept quiet. You told me once, fairly bluntly, that I was hiding behind how much I had read. It was the most useful unkind thing anyone has said to me. I think about it more than almost anything else I was formally taught, and I have started passing it on badly, which I am told is how these things travel. Thank you for it. I am still working out how to do the same for somebody else without being insufferable about it.

— Bilal","I built a screen reader plugin I shipped to roughly 60 users. Java and C++ from coursework, Python and Django for anything I choose myself. The lesson was about adoption, not analysis: the first version had a 30% false positive rate and people turned it off inside a week. I am eager to learn more about accessibility work and about testing that is actually worth maintaining.",I would talk about the surprisingly bitter world of competitive crossword construction. It changed how I look at a city and I want to inflict that on other people. The best part is the bit where everyone realises they have been doing it wrong for years.,"CSCI 103, CSCI 360; research assistantship ~8 hrs/week"
8/3/2026 21:12:53,rahul.volkov@usc.edu,7702191823,Rahul Volkov,Biomedical Engineering,Mathematics,2027,she/her/hers,Male,Asian,https://drive.google.com/open?id=1-OaIMar2VQyRaomlpx1F7jGMXuc6V7sx,,Designer,"I care about transit deserts near campus, and I want to be precise about why rather than gesturing at it. What made it stick was realising that everybody involved was competent and well-meaning and it still did not work, which meant the problem was structural rather than anybody's fault. I started a weekly pickup that routes leftovers to a shelter downtown. It took about six weeks before anyone used it without being asked, and that was the real milestone rather than the day it worked. The thing I got wrong was optimising for the outcome I could measure instead of the one that mattered.","The community that shaped me most was a debate circuit that travelled by van, mostly because it was bad at hierarchy. The whole thing ran on Sunday evenings, which meant everyone there had chosen it over something easier. Nobody there cared what I was good at yet, only whether I showed up. What I would bring to CTC is the unglamorous maintenance that keeps a community alive: the reminder message, the booked room, the noticing that somebody has gone quiet.","Dear Mr. Mwangi,

Thank you for teaching me that I should write the thing down before I believe I understand it. I remember you stopping a whole session because one person had not followed, and doing it in a way that made it obvious the fault was in the explanation rather than in them. I have tried to run every meeting I lead like that since. I think about it more than almost anything else I was formally taught, and I have started passing it on badly, which I am told is how these things travel. I do not think you would remember any of this, which is sort of the point — it cost you very little and it rearranged how I work.

— Rahul","I built a compiler for a small statically typed language, continued well past the course. Swift for the app, and a Raspberry Pi doing something it was not designed for. It taught me that a tool nobody trusts is worse than no tool, because it burns the next person's credibility too. I would like to get properly good at databases rather than superstitious about them.",I would talk about why my hometown has three names. Everyone thinks they already know this and nearly everyone is wrong. There is a diagram involved and I think it gets an audible reaction.,"MATH 407, WRIT 150, CSCI 103, CSCI 170, MATH 226; TA office hours ~6 hrs/week; campus radio show ~2 hrs/week"
8/3/2026 23:02:31,mateo.mwangi@usc.edu,9360930835,Mateo Mwangi,Political Science,Cinematic Arts,2030,he/him/his,Female,White,https://drive.google.com/open?id=1JESsOqpWE808eJ2BB3ailNmZ5J2av9mI,https://www.linkedin.com/in/mateomwangi/,Product Manager,"The paperwork small nonprofits drown in is the problem I have actually done something about, so it is the one I will write about. I spent last summer working somewhere it was impossible to ignore, and the pattern was always the same: the people closest to it had known about it for years and had never been asked. I interviewed fourteen people before I wrote a single line of code. It saves them somewhere around five hours a week, which is not dramatic, but it is five hours a week that nobody has to argue for. The thing I got wrong was optimising for the outcome I could measure instead of the one that mattered.","I belonged to a debate circuit that travelled by van, and I have spent a while trying to work out what made it work so I could reproduce it. I joined because a friend dragged me and stayed because within a month three people had asked me to explain something and taken the answer seriously. It was the first place where being confused out loud was normal. What I would bring to CTC is the unglamorous maintenance that keeps a community alive: the reminder message, the booked room, the noticing that somebody has gone quiet.","Dear Dr. Rahman,

Thank you for teaching me that I should write the thing down before I believe I understand it. I remember you stopping a whole session because one person had not followed, and doing it in a way that made it obvious the fault was in the explanation rather than in them. I have tried to run every meeting I lead like that since. I think about it more than almost anything else I was formally taught, and I have started passing it on badly, which I am told is how these things travel. I have not told you any of this, so consider this the version I would say badly in person.

— Mateo","I built a parser for a niche scientific file format, now with eight regular bug reporters. Swift for the app, and a Raspberry Pi doing something it was not designed for. It taught me that a tool nobody trusts is worse than no tool, because it burns the next person's credibility too. I would like to get properly good at databases rather than superstitious about them.","I would talk about what actually happens when you flush on an aeroplane. I want an excuse to finally make the slides. I would keep it to four minutes and take questions, because the questions are better than the talk.","CSCI 170, CSCI 360, BUAD 304, MATH 226; campus radio show ~2 hrs/week; another club board position ~5 hrs/week"
8/4/2026 0:01:14,yuki.andersen@usc.edu,6753572375,Yuki Andersen,Data Science,Philosophy,2029,he/they,Female,Hispanic or Latino,https://drive.google.com/open?id=16BplziGU5nftGooYZYiaJ5QH3BVAzzh-,https://www.linkedin.com/in/yukiandersen/,Designer,"I did not expect to care about how volunteer tutoring gets matched, and then I spent a summer close to it. I had assumed somebody upstream was handling it. Nobody was, and the reason nobody was is that it belonged to no single person's job description. I built a spreadsheet, then an actual tool, that matches donations to need. It taught me to make the first version much smaller than I wanted to.","The community I belonged to was the kitchen of my family's restaurant, and it took me a year to notice it had become one. There was no hierarchy to speak of, which sounds idealistic and was mostly just practical: whoever knew how to do the thing did the thing, and taught the next person. It was the first place where being confused out loud was normal. I would like to bring the part where the newest person is asked first.","Dear Mr. Guerrero,

Thank you for teaching me how to disagree with someone without making it about them. You gave me a job that was slightly too hard on purpose and then made it obvious you were nearby. I have never had a better arrangement. I did not understand why it mattered until much later, when I caught myself doing it without deciding to.

— Yuki","I built a research assistantship cleaning sensor data nobody had documented. Mostly Python and Postgres, with enough React to be dangerous. The useful part was sitting with the people using it rather than asking them what they wanted in the abstract. I would like to get properly good at databases rather than superstitious about them.",I would talk about the surprisingly bitter world of competitive crossword construction. I want an excuse to finally make the slides.,"ITP 259, CSCI 270, EE 109, BUAD 304; part-time job ~12 hrs/week"
8/4/2026 1:48:35,milan.solberg@usc.edu,1369666327,Milan Solberg,Economics,Occupational Science,2028,he/him/his,Male,Asian,,,Developer,"I care about food waste in dining halls, and I want to be precise about why rather than gesturing at it. What made it stick was realising that everybody involved was competent and well-meaning and it still did not work, which meant the problem was structural rather than anybody's fault. I wrote a script that cut a four-hour manual process to about ten minutes. The first version was worse than the spreadsheet it replaced, which was humbling and useful in roughly equal measure. What stayed with me is how much of the work was earning enough trust to be allowed to help.","I belonged to a Discord server for a game that died years ago, and I have spent a while trying to work out what made it work so I could reproduce it. I joined because a friend dragged me and stayed because within a month three people had asked me to explain something and taken the answer seriously. Nobody there cared what I was good at yet, only whether I showed up. What I would bring to CTC is the unglamorous maintenance that keeps a community alive: the reminder message, the booked room, the noticing that somebody has gone quiet.","Dear Coach Petrova,

Thank you for teaching me that I was allowed to start things without permission. You told me once, fairly bluntly, that I was hiding behind how much I had read. It was the most useful unkind thing anyone has said to me. I think about it more than almost anything else I was formally taught, and I have started passing it on badly, which I am told is how these things travel. I hope you are still doing it for whoever came after me.

— Milan","I built an inventory app for my family's restaurant, written in Django one summer. TypeScript, a lot of SQL, and more shell scripting than I expected. The lesson was about adoption, not analysis: the first version had a 30% false positive rate and people turned it off inside a week. I would like to get properly good at databases rather than superstitious about them.","I would talk about why my hometown has three names. I have given a version of this at a dinner table and it worked. I would need about three slides and one prop, and I already own the prop.","ITP 259, BUAD 304; campus radio show ~2 hrs/week"
8/4/2026 4:24:07,elena.odonnell@usc.edu,3993199524,Elena O'Donnell,Design,Mathematics,2030,she/her/hers,Male,Black or African American,https://drive.google.com/open?id=1pUj7GRqsHWXecOK9hDjtkZqWbt694Ubj,https://www.linkedin.com/in/elenaodonnell/,Product Manager,"The problem I picked is food waste in dining halls, which sounds minor until you count how many hours it costs the people carrying it. What made it stick was realising that everybody involved was competent and well-meaning and it still did not work, which meant the problem was structural rather than anybody's fault. I rebuilt their intake form so it stopped losing half the submissions. It saves them somewhere around five hours a week, which is not dramatic, but it is five hours a week that nobody has to argue for. I learned to build the boring, durable version rather than the impressive one, because I would not be there in a year.","A Discord server for a game that died years ago taught me that belonging is built out of logistics more than sentiment. There was no hierarchy to speak of, which sounds idealistic and was mostly just practical: whoever knew how to do the thing did the thing, and taught the next person. It was the first place where being confused out loud was normal. What I would bring to CTC is the unglamorous maintenance that keeps a community alive: the reminder message, the booked room, the noticing that somebody has gone quiet.","Dear Professor Kowalski,

Thank you for teaching me how to disagree with someone without making it about them. You gave me a job that was slightly too hard on purpose and then made it obvious you were nearby. I have never had a better arrangement. I think about it more than almost anything else I was formally taught, and I have started passing it on badly, which I am told is how these things travel. Thank you for it. I am still working out how to do the same for somebody else without being insufferable about it.

— Elena","I built a scheduling tool for the volunteer tutoring programme I coordinate. Go for the service, Figma for the parts I should not have been trusted with. The lesson was about adoption, not analysis: the first version had a 30% false positive rate and people turned it off inside a week. I am keen to work on something with real users and real consequences for once.",I would talk about what actually happens when you flush on an aeroplane. Everyone thinks they already know this and nearly everyone is wrong. There is a diagram involved and I think it gets an audible reaction.,"MATH 225, EE 109, MATH 226, CSCI 103; part-time job ~12 hrs/week; marching band ~10 hrs/week"
8/4/2026 5:16:42,isabel.haddad@usc.edu,3897143425,Isabel Haddad,Applied and Computational Mathematics,Applied Analytics,2030,he/him/his,Prefer not to say,Two or more races,https://drive.google.com/open?id=1BK4j74t_gHynca1mBzTIMs9RxvP8DeVV,https://www.linkedin.com/in/isabelhaddad/,Product Manager,"I care about food waste in dining halls, and I want to be precise about why rather than gesturing at it. I had assumed somebody upstream was handling it. Nobody was, and the reason nobody was is that it belonged to no single person's job description. I organised a workshop and eleven people came to the first one. I was wrong about which part would be hard, and I was wrong in the direction of thinking the code mattered most. The thing I got wrong was optimising for the outcome I could measure instead of the one that mattered.","The community that shaped me most was a church youth orchestra with no conductor, mostly because it was bad at hierarchy. We had almost nothing. One working laptop, a whiteboard somebody had rescued from a skip, and a standing agreement that you cleaned up whether or not it was your mess. Nobody there cared what I was good at yet, only whether I showed up. I would want to bring the norm that you can say you do not understand something in a room full of people nodding.","Dear Mr. Nair,

Thank you for teaching me how to disagree with someone without making it about them. You gave me a job that was slightly too hard on purpose and then made it obvious you were nearby. I have never had a better arrangement. I think about it more than almost anything else I was formally taught, and I have started passing it on badly, which I am told is how these things travel. I hope you are still doing it for whoever came after me.

— Isabel","I built a parser for a niche scientific file format, now with eight regular bug reporters. TypeScript, a lot of SQL, and more shell scripting than I expected. What surprised me was the maintenance cost; I had thought of shipping as the finish line. I would like to get properly good at databases rather than superstitious about them.","I would talk about how to sight-read music badly but confidently. It changed how I look at a city and I want to inflict that on other people. I would need about three slides and one prop, and I already own the prop.","EE 109, CSCI 360; marching band ~10 hrs/week; intramural volleyball ~3 hrs/week"
8/4/2026 6:14:59,santiago.lindqvist@usc.edu,7479511447,Santiago Lindqvist,International Relations,Philosophy,2030,she/her/hers,Male,Prefer not to say,https://drive.google.com/open?id=1m0sWlXKWJcpZSvYGoysKh3T90yZEKHbJ,,Designer,"I got interested in how few girls stayed in my school's robotics club through a job I took for the money and stayed in for other reasons. I had assumed somebody upstream was handling it. Nobody was, and the reason nobody was is that it belonged to no single person's job description. I started a weekly pickup that routes leftovers to a shelter downtown. It taught me to make the first version much smaller than I wanted to.","I found it in my high school's stage crew, which is not where I expected to find it. There was no hierarchy to speak of, which sounds idealistic and was mostly just practical: whoever knew how to do the thing did the thing, and taught the next person. It ran on a hundred small favours nobody kept score of. What I would bring into CTC is that habit of making the entry cost low.","Dear Coach Tanaka,

Thank you for teaching me that I should write the thing down before I believe I understand it. There was a week where I was clearly out of my depth and you neither rescued me nor let me drown, which I now understand took actual restraint. I did not understand why it mattered until much later, when I caught myself doing it without deciding to.

— Santiago","I built a scheduling tool for the volunteer tutoring programme I coordinate. Mostly Python and Postgres, with enough React to be dangerous. The useful part was sitting with the people using it rather than asking them what they wanted in the abstract. I am eager to learn more about accessibility work and about testing that is actually worth maintaining.","I would talk about how to read a subway map, and why almost every city gets it wrong. It changed how I look at a city and I want to inflict that on other people.","WRIT 150, DSCI 351, MATH 225, MATH 226, CSCI 360; marching band ~10 hrs/week; tutoring ~4 hrs/week"
8/4/2026 9:36:29,emre.petrova@usc.edu,5622201106,Emre Petrova,Political Science,,2028,she/her/hers,Female,White,https://drive.google.com/open?id=1KAkDRFxyaw5v5B3LMCFxck2jcOMQAQ1T,https://www.linkedin.com/in/emrepetrova/,Designer,"I got interested in the paperwork small nonprofits drown in through a job I took for the money and stayed in for other reasons. What made it stick was realising that everybody involved was competent and well-meaning and it still did not work, which meant the problem was structural rather than anybody's fault. I wrote a script that cut a four-hour manual process to about ten minutes. The lesson was that I should have asked the people doing the work before designing anything.","I found it in a church youth orchestra with no conductor, which is not where I expected to find it. There was no hierarchy to speak of, which sounds idealistic and was mostly just practical: whoever knew how to do the thing did the thing, and taught the next person. Nobody there cared what I was good at yet, only whether I showed up. What I would bring into CTC is that habit of making the entry cost low.","Dear Mr. Park,

Thank you for teaching me that the person who asks the naive question is doing everyone a favour. You gave me a job that was slightly too hard on purpose and then made it obvious you were nearby. I have never had a better arrangement. I did not understand why it mattered until much later, when I caught myself doing it without deciding to.

— Emre","I built a static analysis pass that flags database queries inside loops. Go for the service, Figma for the parts I should not have been trusted with. The useful part was sitting with the people using it rather than asking them what they wanted in the abstract. I am keen to work on something with real users and real consequences for once.",I would talk about the physics of why bad coffee tastes bad. Everyone thinks they already know this and nearly everyone is wrong.,"PSYC 314, MATH 225, WRIT 150, CSCI 356; TA office hours ~6 hrs/week"
8/4/2026 15:01:59,marta.pereira@usc.edu,3325295539,Marta Pereira,Computer Science,Computer Programming,2029,they/them/theirs,Female,Black or African American,https://drive.google.com/open?id=1m32I0z5jvifCYesJaWuzpzNUPNp_cO3a,,Developer,Transit deserts near campus is important to me. I learned a lot from it.,A 6am swim squad nobody else wanted to join was my community. I think CTC has that too.,"Dear Dr. Halvorsen,

Thank you for teaching me that a wrong answer said out loud is worth more than a right one kept quiet. It mattered to me.

— Marta",I built a screen reader plugin I shipped to roughly 60 users. I would like to get properly good at databases rather than superstitious about them.,I would talk about why my hometown has three names. It is interesting.,"DSCI 351, MATH 225, WRIT 150, CSCI 103, PSYC 314; TA office hours ~6 hrs/week; another club board position ~5 hrs/week"
8/4/2026 17:36:29,emre.petrova@usc.edu,5622201106,Emre Petrova,Political Science,,2028,she/her/hers,Female,White,https://drive.google.com/open?id=1KAkDRFxyaw5v5B3LMCFxck2jcOMQAQ1T,https://www.linkedin.com/in/emrepetrova/,Designer,"I spent two years adjacent to unclaimed produce at the farmers market before I felt entitled to an opinion about it. It is the kind of problem that never becomes urgent enough to fix, so it just quietly costs people hours every week forever. I rebuilt their intake form so it stopped losing half the submissions. It saves them somewhere around five hours a week, which is not dramatic, but it is five hours a week that nobody has to argue for. The thing I got wrong was optimising for the outcome I could measure instead of the one that mattered.","A church youth orchestra with no conductor taught me that belonging is built out of logistics more than sentiment. People turned up for each other's unrelated stuff — recitals, matches, one memorably grim moving day — and that is the part I did not appreciate until it stopped. Nobody there cared what I was good at yet, only whether I showed up. I would want to bring the norm that you can say you do not understand something in a room full of people nodding.","Dear Ms. Sadiq,

Thank you for teaching me how to disagree with someone without making it about them. You gave me a job that was slightly too hard on purpose and then made it obvious you were nearby. I have never had a better arrangement. I think about it more than almost anything else I was formally taught, and I have started passing it on badly, which I am told is how these things travel. I hope you are still doing it for whoever came after me.

— Emre","I built a research assistantship cleaning sensor data nobody had documented. Java and C++ from coursework, Python and Django for anything I choose myself. What surprised me was the maintenance cost; I had thought of shipping as the finish line. I am keen to work on something with real users and real consequences for once.","I would talk about what actually happens when you flush on an aeroplane. It changed how I look at a city and I want to inflict that on other people. I would keep it to four minutes and take questions, because the questions are better than the talk.","WRIT 150, MATH 226; research assistantship ~8 hrs/week"
8/4/2026 17:50:49,aisha.venkatesan@usc.edu,4288069632,Aisha Venkatesan,Political Science,,2029,he/him/his,Male,Hispanic or Latino,https://drive.google.com/open?id=1S8hwV2lff0VTE7Uqzc5ja5kFiibaTUZu,https://www.linkedin.com/in/aishavenkatesan/,Developer,"I spent two years adjacent to e-waste from campus upgrades before I felt entitled to an opinion about it. I spent last summer working somewhere it was impossible to ignore, and the pattern was always the same: the people closest to it had known about it for years and had never been asked. I trained two other volunteers so it would survive me graduating. Two people still run it now that I have handed it over, which matters more to me than anything about how it was built. The thing I got wrong was optimising for the outcome I could measure instead of the one that mattered.","The community that shaped me most was the kitchen of my family's restaurant, mostly because it was bad at hierarchy. People turned up for each other's unrelated stuff — recitals, matches, one memorably grim moving day — and that is the part I did not appreciate until it stopped. It was the first place where being confused out loud was normal. I would want to bring the norm that you can say you do not understand something in a room full of people nodding.","Dear Ms. Mansour,

Thank you for teaching me that ""good enough, shipped"" beats ""perfect, someday"". The specific moment I keep returning to is the afternoon I handed in something I knew was mediocre, and instead of grading it you asked me what I would change if I had another week. I did not have an answer, which was the point. I think about it more than almost anything else I was formally taught, and I have started passing it on badly, which I am told is how these things travel. I hope you are still doing it for whoever came after me.

— Aisha","I built a model predicting missed clinic appointments, so patients could be called the day before. Go for the service, Figma for the parts I should not have been trusted with. I learned that the optimal schedule was the one everybody hated, because I had optimised for the wrong thing. I would like to get properly good at databases rather than superstitious about them.","I would talk about competitive dog agility, which I promise is a real sport. It changed how I look at a city and I want to inflict that on other people. It ends with a genuinely unresolved argument, which I think is a better ending than a conclusion.","MATH 226, BUAD 304, PSYC 314, CSCI 170; TA office hours ~6 hrs/week; another club board position ~5 hrs/week"
8/4/2026 18:36:48,niko.okonkwo@usc.edu,8673849550,Niko Okonkwo,Public Policy,Social Entrepreneurship,2028,she/her/hers,Nonbinary,Asian,https://drive.google.com/open?id=1crDvzrz6Ipc3HaANq5PZoMeuTErc7fYE,https://www.linkedin.com/in/nikookonkwo/,Developer,"How hard it is to find mental health care is small compared to what people usually write about here, which is exactly why nobody had fixed it. I had assumed somebody upstream was handling it. Nobody was, and the reason nobody was is that it belonged to no single person's job description. I built a spreadsheet, then an actual tool, that matches donations to need. What I learned was that the technical part was never the hard part.","I found it in a 6am swim squad nobody else wanted to join, which is not where I expected to find it. People turned up for each other's unrelated stuff — recitals, matches, one memorably grim moving day — and that is the part I did not appreciate until it stopped. It ran on a hundred small favours nobody kept score of. The thing worth carrying over is that nobody there performed competence they did not have.","Dear Coach Bourdon,

Thank you for teaching me that being the least experienced person in a room is a resource, not a liability. The specific moment I keep returning to is the afternoon I handed in something I knew was mediocre, and instead of grading it you asked me what I would change if I had another week. I did not have an answer, which was the point. I did not understand why it mattered until much later, when I caught myself doing it without deciding to.

— Niko","I built a compiler for a small statically typed language, continued well past the course. Java and C++ from coursework, Python and Django for anything I choose myself. The useful part was sitting with the people using it rather than asking them what they wanted in the abstract. I want to get better at systems design and at reading other people's code quickly.","I would talk about competitive dog agility, which I promise is a real sport. It is the only thing I can talk about for ten minutes with no notes.","DSCI 351, CSCI 104, MATH 226, WRIT 150; another club board position ~5 hrs/week; research assistantship ~8 hrs/week"
8/4/2026 18:44:24,noor.watanabe@usc.edu,3636225070,Noor Watanabe,Physics,Social Entrepreneurship,2028,she/her/hers,Male,White,https://drive.google.com/open?id=1PMn5d2qWrS_kCCIhB3PFYVG3kNuJoMfk,,Designer,"The problem I keep coming back to is the way clinics schedule appointments, mostly because I watched it up close. I had assumed somebody upstream was handling it. Nobody was, and the reason nobody was is that it belonged to no single person's job description. I rebuilt their intake form so it stopped losing half the submissions. It taught me to make the first version much smaller than I wanted to.","The community I belonged to was a debate circuit that travelled by van, and it took me a year to notice it had become one. There was no hierarchy to speak of, which sounds idealistic and was mostly just practical: whoever knew how to do the thing did the thing, and taught the next person. People stayed after to clean up without anyone organising it. What I would bring into CTC is that habit of making the entry cost low.","Dear Ms. Watanabe,

Thank you for teaching me that being the least experienced person in a room is a resource, not a liability. The specific moment I keep returning to is the afternoon I handed in something I knew was mediocre, and instead of grading it you asked me what I would change if I had another week. I did not have an answer, which was the point. I did not understand why it mattered until much later, when I caught myself doing it without deciding to.

— Noor","I built a screen reader plugin I shipped to roughly 60 users. Swift for the app, and a Raspberry Pi doing something it was not designed for. What surprised me was the maintenance cost; I had thought of shipping as the finish line. I want to get better at systems design and at reading other people's code quickly.",I would talk about an eight-minute history of the shipping container. It is the only thing I can talk about for ten minutes with no notes.,"EE 109, MATH 407; campus radio show ~2 hrs/week"
8/4/2026 18:56:05,idris.tran@usc.edu,5124234527,Idris Trần,Computer Science and Business Administration,Spanish,2027,she/her/hers,Male,Middle Eastern or North African,https://drive.google.com/open?id=1SbYvNPEcr0UN7hn6H80tUtd1yVFUGcbV,,Designer,"The problem I keep coming back to is the paperwork small nonprofits drown in, mostly because I watched it up close. It is the kind of problem that never becomes urgent enough to fix, so it just quietly costs people hours every week forever. I rebuilt their intake form so it stopped losing half the submissions. It taught me to make the first version much smaller than I wanted to.","I found it in a mutual aid group that started as a group chat, which is not where I expected to find it. I joined because a friend dragged me and stayed because within a month three people had asked me to explain something and taken the answer seriously. It was the first place where being confused out loud was normal. The thing worth carrying over is that nobody there performed competence they did not have.","Dear Dr. Marchetti,

Thank you for teaching me that being the least experienced person in a room is a resource, not a liability. You gave me a job that was slightly too hard on purpose and then made it obvious you were nearby. I have never had a better arrangement. I did not understand why it mattered until much later, when I caught myself doing it without deciding to.

— Idris","I built a model predicting missed clinic appointments, so patients could be called the day before. Mostly Python and Postgres, with enough React to be dangerous. I learned that the optimal schedule was the one everybody hated, because I had optimised for the wrong thing. I want to learn how to scope a project so it can ship in a semester.",I would talk about the correct way to argue about tipping. It is the only thing I can talk about for ten minutes with no notes.,"CSCI 360, MATH 226, BUAD 304; TA office hours ~6 hrs/week; intramural volleyball ~3 hrs/week"
8/4/2026 23:27:40,lucas.kowalski@usc.edu,4318848687,Lucas Kowalski,Computer Science and Business Administration,Design,2030,he/him/his,Male,Asian,https://drive.google.com/open?id=19XU_DzfyDwhcQ7aAXWsYv0qr3DADsQ_K,,Developer,I think the cost of textbooks is a real problem. It was a good experience overall.,I felt like I belonged to a community garden run entirely by retirees and me. I want to bring that to the CTC family.,"Dear Mr. Zaman,

Thank you for teaching me that a wrong answer said out loud is worth more than a right one kept quiet. It mattered to me.

— Lucas",I built a scheduling tool for the volunteer tutoring programme I coordinate. I want to learn how to scope a project so it can ship in a semester.,I would talk about the surprisingly bitter world of competitive crossword construction. It is interesting.,"CSCI 360, MATH 225; another club board position ~5 hrs/week"
8/5/2026 2:39:17,tariq.iqbal@usc.edu,7027821206,Tariq Iqbal,Neuroscience,,2030,he/him/his,Female,Asian,https://drive.google.com/open?id=1rVKEFpH338u6C20jUcD6DZ3Usrofn3oV,https://www.linkedin.com/in/tariqiqbal/,Developer,"The paperwork small nonprofits drown in is small compared to what people usually write about here, which is exactly why nobody had fixed it. I spent last summer working somewhere it was impossible to ignore, and the pattern was always the same: the people closest to it had known about it for years and had never been asked. I trained two other volunteers so it would survive me graduating. What I learned was that the technical part was never the hard part.","The community I belonged to was the kitchen of my family's restaurant, and it took me a year to notice it had become one. There was no hierarchy to speak of, which sounds idealistic and was mostly just practical: whoever knew how to do the thing did the thing, and taught the next person. The rule was that whoever knew the least got to ask first. I would like to bring the part where the newest person is asked first.","Dear Dr. Chaudhry,

Thank you for teaching me that the person who asks the naive question is doing everyone a favour. You told me once, fairly bluntly, that I was hiding behind how much I had read. It was the most useful unkind thing anyone has said to me. I did not understand why it mattered until much later, when I caught myself doing it without deciding to.

— Tariq","I built a parser for a niche scientific file format, now with eight regular bug reporters. Swift for the app, and a Raspberry Pi doing something it was not designed for. I learned that the optimal schedule was the one everybody hated, because I had optimised for the wrong thing. I want to get better at systems design and at reading other people's code quickly.",I would talk about the physics of why bad coffee tastes bad. It changed how I look at a city and I want to inflict that on other people.,"CSCI 170, EE 109, CSCI 104; tutoring ~4 hrs/week; marching band ~10 hrs/week"
8/5/2026 4:05:54,clara.mansour@usc.edu,6740352674,Clara Mansour,"Computer Science, Linguistics",Public Health,2030,she/her/hers,Female,Asian,https://drive.google.com/open?id=1Xc7-jBbtjnHAjs3l8pFCwmdndvLWb9ec,,Product Manager,"I got interested in how few girls stayed in my school's robotics club through a job I took for the money and stayed in for other reasons. The version of it I know best is narrow — one office, one process, maybe two hundred people affected — but I could see the whole shape of it from there. I interviewed fourteen people before I wrote a single line of code. What I learned was that the technical part was never the hard part.","I found it in a 6am swim squad nobody else wanted to join, which is not where I expected to find it. We had almost nothing. One working laptop, a whiteboard somebody had rescued from a skip, and a standing agreement that you cleaned up whether or not it was your mess. It was the first place where being confused out loud was normal. The thing worth carrying over is that nobody there performed competence they did not have.","Dear Coach Aziz,

Thank you for teaching me that a wrong answer said out loud is worth more than a right one kept quiet. You gave me a job that was slightly too hard on purpose and then made it obvious you were nearby. I have never had a better arrangement. I did not understand why it mattered until much later, when I caught myself doing it without deciding to.

— Clara","I built a parser for a niche scientific file format, now with eight regular bug reporters. Java and C++ from coursework, Python and Django for anything I choose myself. The useful part was sitting with the people using it rather than asking them what they wanted in the abstract. I am eager to learn more about accessibility work and about testing that is actually worth maintaining.","I would talk about how to read a subway map, and why almost every city gets it wrong. It changed how I look at a city and I want to inflict that on other people.","CSCI 356, MATH 225, CSCI 103, WRIT 150; TA office hours ~6 hrs/week; research assistantship ~8 hrs/week"
8/5/2026 4:09:05,kwame.nasr@usc.edu,4096175058,Kwame Nasr,Computer Engineering and Computer Science,Cinematic Arts,2029,she/her/hers,Male,Asian,https://drive.google.com/open?id=1ksIxdvD8AThTGgrPWVnUb69OErdnlinu,https://www.linkedin.com/in/kwamenasr/,Developer,"The problem I keep coming back to is how hard it is to find mental health care, mostly because I watched it up close. What made it stick was realising that everybody involved was competent and well-meaning and it still did not work, which meant the problem was structural rather than anybody's fault. I interviewed fourteen people before I wrote a single line of code. What I learned was that the technical part was never the hard part.","The kitchen of my family's restaurant is the honest answer, even though it is not the impressive one. The whole thing ran on Sunday evenings, which meant everyone there had chosen it over something easier. It ran on a hundred small favours nobody kept score of. I would like to bring the part where the newest person is asked first.","Dear Ms. Ellis,

Thank you for teaching me that the person who asks the naive question is doing everyone a favour. You gave me a job that was slightly too hard on purpose and then made it obvious you were nearby. I have never had a better arrangement. I did not understand why it mattered until much later, when I caught myself doing it without deciding to.

— Kwame","I built a parser for a niche scientific file format, now with eight regular bug reporters. Go for the service, Figma for the parts I should not have been trusted with. The lesson was about adoption, not analysis: the first version had a 30% false positive rate and people turned it off inside a week. I would like to get properly good at databases rather than superstitious about them.","I would talk about how to read a subway map, and why almost every city gets it wrong. It changed how I look at a city and I want to inflict that on other people.","MATH 226, CSCI 360, CSCI 104, DSCI 351, MATH 225; research assistantship ~8 hrs/week; campus radio show ~2 hrs/week"
8/5/2026 4:51:49,ayaan.bello@usc.edu,9615023630,Ayaan Bello,Mechanical Engineering,Music Recording,2030,he/him/his,Female,Asian,https://drive.google.com/open?id=1bXFqIY6KSQVzFUFxK6X09VV0n5g-QpsO,,Developer,"The problem I picked is the cost of textbooks, which sounds minor until you count how many hours it costs the people carrying it. I spent last summer working somewhere it was impossible to ignore, and the pattern was always the same: the people closest to it had known about it for years and had never been asked. I ran a pilot with one classroom before asking the district for anything. It took about six weeks before anyone used it without being asked, and that was the real milestone rather than the day it worked. The thing I got wrong was optimising for the outcome I could measure instead of the one that mattered.","The overnight shift at a campus radio station taught me that belonging is built out of logistics more than sentiment. I joined because a friend dragged me and stayed because within a month three people had asked me to explain something and taken the answer seriously. Nobody there cared what I was good at yet, only whether I showed up. What I would bring to CTC is the unglamorous maintenance that keeps a community alive: the reminder message, the booked room, the noticing that somebody has gone quiet.","Dear Ms. Brandt,

Thank you for teaching me that ""good enough, shipped"" beats ""perfect, someday"". I remember you stopping a whole session because one person had not followed, and doing it in a way that made it obvious the fault was in the explanation rather than in them. I have tried to run every meeting I lead like that since. I think about it more than almost anything else I was formally taught, and I have started passing it on badly, which I am told is how these things travel. Thank you for it. I am still working out how to do the same for somebody else without being insufferable about it.

— Ayaan","I built a compiler for a small statically typed language, continued well past the course. Mostly Python and Postgres, with enough React to be dangerous. The useful part was sitting with the people using it rather than asking them what they wanted in the abstract. I would like to get properly good at databases rather than superstitious about them.","I would talk about an eight-minute history of the shipping container. It is the only thing I can talk about for ten minutes with no notes. It ends with a genuinely unresolved argument, which I think is a better ending than a conclusion.","MATH 407, CSCI 356; marching band ~10 hrs/week"
8/5/2026 7:32:59,hana.ferreira@usc.edu,3793122982,Hana Ferreira,Industrial and Systems Engineering,Data Analytics,2028,he/him/his,Male,Hispanic or Latino,https://drive.google.com/open?id=1hC3H4HZS5s_4TDsnsyyXeUqKzwF9I42C,,Designer,"I got interested in digital literacy for older adults through a job I took for the money and stayed in for other reasons. The version of it I know best is narrow — one office, one process, maybe two hundred people affected — but I could see the whole shape of it from there. I interviewed fourteen people before I wrote a single line of code. I learned that a solution nobody adopts is worth less than no solution at all.","A debate circuit that travelled by van is the honest answer, even though it is not the impressive one. We had almost nothing. One working laptop, a whiteboard somebody had rescued from a skip, and a standing agreement that you cleaned up whether or not it was your mess. Nobody there cared what I was good at yet, only whether I showed up. What I would bring into CTC is that habit of making the entry cost low.","Dear Professor Kowalski,

Thank you for teaching me that ""good enough, shipped"" beats ""perfect, someday"". The specific moment I keep returning to is the afternoon I handed in something I knew was mediocre, and instead of grading it you asked me what I would change if I had another week. I did not have an answer, which was the point. I did not understand why it mattered until much later, when I caught myself doing it without deciding to.

— Hana","I built a research assistantship cleaning sensor data nobody had documented. Go for the service, Figma for the parts I should not have been trusted with. The lesson was about adoption, not analysis: the first version had a 30% false positive rate and people turned it off inside a week. I would like to get properly good at databases rather than superstitious about them.",I would talk about why every restaurant menu is designed badly on purpose. I have given a version of this at a dinner table and it worked.,"MATH 226, MATH 407, PSYC 314, CSCI 170, EE 109; marching band ~10 hrs/week; research assistantship ~8 hrs/week"
8/5/2026 11:08:09,priya.nakamura@usc.edu,4743516371,Priya Nakamura,Communication,Music Recording,2029,she/her/hers,Male,Hispanic or Latino,https://drive.google.com/open?id=1AZ4amjiuLheo491P1r5fUYZURfmoMJJ6,https://www.linkedin.com/in/priyanakamura/,Designer,"I spent two years adjacent to unclaimed produce at the farmers market before I felt entitled to an opinion about it. I had assumed somebody upstream was handling it. Nobody was, and the reason nobody was is that it belonged to no single person's job description. I built a spreadsheet, then an actual tool, that matches donations to need. The first version was worse than the spreadsheet it replaced, which was humbling and useful in roughly equal measure. What stayed with me is how much of the work was earning enough trust to be allowed to help.","I belonged to a church youth orchestra with no conductor, and I have spent a while trying to work out what made it work so I could reproduce it. People turned up for each other's unrelated stuff — recitals, matches, one memorably grim moving day — and that is the part I did not appreciate until it stopped. The rule was that whoever knew the least got to ask first. The thing I would carry in is that we lowered the bar to enter and raised it to stay, and both mattered.","Dear Dr. Silva,

Thank you for teaching me that being the least experienced person in a room is a resource, not a liability. You told me once, fairly bluntly, that I was hiding behind how much I had read. It was the most useful unkind thing anyone has said to me. I think about it more than almost anything else I was formally taught, and I have started passing it on badly, which I am told is how these things travel. I have not told you any of this, so consider this the version I would say badly in person.

— Priya","I built a screen reader plugin I shipped to roughly 60 users. Swift for the app, and a Raspberry Pi doing something it was not designed for. It taught me that a tool nobody trusts is worse than no tool, because it burns the next person's credibility too. I want to get better at systems design and at reading other people's code quickly.","I would talk about why the QWERTY story you have heard is wrong. Everyone thinks they already know this and nearly everyone is wrong. I would need about three slides and one prop, and I already own the prop.","CSCI 270, CSCI 356; TA office hours ~6 hrs/week"
8/5/2026 12:29:05,thandiwe.papadakis@usc.edu,7547617363,Thandiwe Papadakis,Industrial and Systems Engineering,Social Entrepreneurship,2027,she/her/hers,Male,Asian,https://drive.google.com/open?id=1NaaJja67gWBL9TuMIZWubaVdLzXMUss4,,Developer,"How hard it is to find mental health care is the problem I have actually done something about, so it is the one I will write about. I had assumed somebody upstream was handling it. Nobody was, and the reason nobody was is that it belonged to no single person's job description. I trained two other volunteers so it would survive me graduating. The first version was worse than the spreadsheet it replaced, which was humbling and useful in roughly equal measure. The thing I got wrong was optimising for the outcome I could measure instead of the one that mattered.","I belonged to my high school's stage crew, and I have spent a while trying to work out what made it work so I could reproduce it. I joined because a friend dragged me and stayed because within a month three people had asked me to explain something and taken the answer seriously. It ran on a hundred small favours nobody kept score of. I would want to bring the norm that you can say you do not understand something in a room full of people nodding.","Dear Professor Novak,

Thank you for teaching me that being the least experienced person in a room is a resource, not a liability. The specific moment I keep returning to is the afternoon I handed in something I knew was mediocre, and instead of grading it you asked me what I would change if I had another week. I did not have an answer, which was the point. I think about it more than almost anything else I was formally taught, and I have started passing it on badly, which I am told is how these things travel. Thank you for it. I am still working out how to do the same for somebody else without being insufferable about it.

— Thandiwe","I built a scheduling tool for the volunteer tutoring programme I coordinate. Swift for the app, and a Raspberry Pi doing something it was not designed for. What surprised me was the maintenance cost; I had thought of shipping as the finish line. I am eager to learn more about accessibility work and about testing that is actually worth maintaining.","I would talk about how to fold a fitted sheet, performed live and with stakes. I have given a version of this at a dinner table and it worked. The best part is the bit where everyone realises they have been doing it wrong for years.","CSCI 360, EE 109, CSCI 201, PSYC 314, CSCI 104; club soccer ~6 hrs/week"
8/5/2026 14:21:49,saoirse.novak@usc.edu,1617096984,Saoirse Novak,Environmental Studies,Applied Analytics,2030,she/her/hers,Female,Asian,https://drive.google.com/open?id=1YvGE9bZcE9ljFiGVCqGXyznPolIaSnII,,Designer,"Food waste in dining halls is small compared to what people usually write about here, which is exactly why nobody had fixed it. The version of it I know best is narrow — one office, one process, maybe two hundred people affected — but I could see the whole shape of it from there. I organised a workshop and eleven people came to the first one. It taught me to make the first version much smaller than I wanted to.","The community I belonged to was a debate circuit that travelled by van, and it took me a year to notice it had become one. We had almost nothing. One working laptop, a whiteboard somebody had rescued from a skip, and a standing agreement that you cleaned up whether or not it was your mess. It ran on a hundred small favours nobody kept score of. The thing worth carrying over is that nobody there performed competence they did not have.","Dear Professor Bergström,

Thank you for teaching me that a wrong answer said out loud is worth more than a right one kept quiet. There was a week where I was clearly out of my depth and you neither rescued me nor let me drown, which I now understand took actual restraint. I did not understand why it mattered until much later, when I caught myself doing it without deciding to.

— Saoirse","I built a static analysis pass that flags database queries inside loops. Swift for the app, and a Raspberry Pi doing something it was not designed for. It taught me that a tool nobody trusts is worse than no tool, because it burns the next person's credibility too. I am keen to work on something with real users and real consequences for once.",I would talk about how to sight-read music badly but confidently. Everyone thinks they already know this and nearly everyone is wrong.,"MATH 225, BUAD 304, CSCI 104, CSCI 201; campus radio show ~2 hrs/week; research assistantship ~8 hrs/week"
8/5/2026 15:14:42,aisha.ibarra@usc.edu,5574482626,Aisha Ibarra,Public Policy,Philosophy,2028,she/her/hers,Male,Hispanic or Latino,https://drive.google.com/open?id=1ta3fCeoUSn3tESmQp_W_NgBP0q_OjpV0,,Developer,The problem I would pick is the cost of textbooks. It taught me to keep going.,The community I would pick is a church youth orchestra with no conductor. I want to bring that to the CTC family.,"Dear Professor Molina,

Thank you for teaching me that I was allowed to start things without permission. It mattered to me.

— Aisha",I built a screen reader plugin I shipped to roughly 60 users. I want to learn how to scope a project so it can ship in a semester.,I would talk about how to sight-read music badly but confidently. It is interesting.,"WRIT 150, CSCI 104, MATH 226, BUAD 304, CSCI 103; marching band ~10 hrs/week; another club board position ~5 hrs/week"
8/5/2026 15:49:38,bilal.serrano@usc.edu,3558387599,Bilal Serrano,Computer Engineering and Computer Science,Applied Analytics,2029,they/them/theirs,Male,Asian,https://drive.google.com/open?id=1JKqU46cmcrxrgRK9_W3Hf9AL8Jm1iOOC,https://www.linkedin.com/in/bilalserrano/,Developer,The paperwork small nonprofits drown in is important to me. I want to keep working on things like this.,The community I would pick is a church youth orchestra with no conductor. I hope to bring that energy to CTC.,"Dear Coach Almeida,

Thank you for teaching me that I should write the thing down before I believe I understand it. It mattered to me.

— Bilal","I built a model predicting missed clinic appointments, so patients could be called the day before. I am eager to learn more about accessibility work and about testing that is actually worth maintaining.","I would talk about how to read a subway map, and why almost every city gets it wrong. It is interesting.","CSCI 360, CSCI 170, BUAD 304, CSCI 201; club soccer ~6 hrs/week"
8/5/2026 17:03:23,idris.khan@usc.edu,7139962624,Idris Khan,Communication,Human-Centered Design,2029,he/him/his,Female,Hispanic or Latino,https://drive.google.com/open?id=1FMqNulO0gBCvxsC1Ig2M4M9yVE0i8xqu,,Product Manager,"I did not expect to care about language access at the county courthouse, and then I spent a summer close to it. What made it stick was realising that everybody involved was competent and well-meaning and it still did not work, which meant the problem was structural rather than anybody's fault. I ran a pilot with one classroom before asking the district for anything. It taught me to make the first version much smaller than I wanted to.","My high school's stage crew is the honest answer, even though it is not the impressive one. There was no hierarchy to speak of, which sounds idealistic and was mostly just practical: whoever knew how to do the thing did the thing, and taught the next person. It was the first place where being confused out loud was normal. What I would bring into CTC is that habit of making the entry cost low.","Dear Mr. Reyes,

Thank you for teaching me how to disagree with someone without making it about them. You gave me a job that was slightly too hard on purpose and then made it obvious you were nearby. I have never had a better arrangement. I did not understand why it mattered until much later, when I caught myself doing it without deciding to.

— Idris","I built a browser extension that strips recommendation feeds, now used by about 2,000 people. Swift for the app, and a Raspberry Pi doing something it was not designed for. What surprised me was the maintenance cost; I had thought of shipping as the finish line. I want to learn how to scope a project so it can ship in a semester.",I would talk about what actually happens when you flush on an aeroplane. I want an excuse to finally make the slides.,"CSCI 201, DSCI 351; another club board position ~5 hrs/week"
8/5/2026 19:11:48,andres.petrova@usc.edu,1760675534,Andres Petrova,Physics,Spanish,2030,he/him/his,Female,White,https://drive.google.com/open?id=1EjEOGhIVwHvBYVXESzRAanDRkMFP26_7,,Product Manager,The problem I would pick is transit deserts near campus. It was a good experience overall.,A robotics team that met in a borrowed garage was my community. I hope to bring that energy to CTC.,"Dear Professor Ibarra,

Thank you for teaching me that ""good enough, shipped"" beats ""perfect, someday"". It mattered to me.

— Andres","I built a browser extension that strips recommendation feeds, now used by about 2,000 people. I want to get better at systems design and at reading other people's code quickly.","I would talk about how to read a subway map, and why almost every city gets it wrong. It is interesting.","CSCI 201, MATH 407, MATH 225; campus radio show ~2 hrs/week"
8/5/2026 19:35:39,rafael.osei@usc.edu,1280311520,Rafael Osei,Applied and Computational Mathematics,Occupational Science,2029,he/him/his,Female,Hispanic or Latino,https://drive.google.com/open?id=14ypI8sbH9J9n0jVG7PlruI-SE2zT1IyO,,Product Manager,"I care about unclaimed produce at the farmers market, and I want to be precise about why rather than gesturing at it. The version of it I know best is narrow — one office, one process, maybe two hundred people affected — but I could see the whole shape of it from there. I rebuilt their intake form so it stopped losing half the submissions. It took about six weeks before anyone used it without being asked, and that was the real milestone rather than the day it worked. The thing I got wrong was optimising for the outcome I could measure instead of the one that mattered.","A church youth orchestra with no conductor taught me that belonging is built out of logistics more than sentiment. People turned up for each other's unrelated stuff — recitals, matches, one memorably grim moving day — and that is the part I did not appreciate until it stopped. We shared tools and, more importantly, shared credit. What I would bring to CTC is the unglamorous maintenance that keeps a community alive: the reminder message, the booked room, the noticing that somebody has gone quiet.","Dear Mr. Iqbal,

Thank you for teaching me that I was allowed to start things without permission. The specific moment I keep returning to is the afternoon I handed in something I knew was mediocre, and instead of grading it you asked me what I would change if I had another week. I did not have an answer, which was the point. I think about it more than almost anything else I was formally taught, and I have started passing it on badly, which I am told is how these things travel. I have not told you any of this, so consider this the version I would say badly in person.

— Rafael","I built a research assistantship cleaning sensor data nobody had documented. Swift for the app, and a Raspberry Pi doing something it was not designed for. The useful part was sitting with the people using it rather than asking them what they wanted in the abstract. I am keen to work on something with real users and real consequences for once.","I would talk about why my hometown has three names. It changed how I look at a city and I want to inflict that on other people. I would keep it to four minutes and take questions, because the questions are better than the talk.","PSYC 314, MATH 226, BUAD 304; campus radio show ~2 hrs/week"
8/5/2026 22:06:24,anika.molina@usc.edu,6350745648,Anika Molina,Computer Science,Applied Analytics,2028,he/him/his,Nonbinary,Black or African American,https://drive.google.com/open?id=14xg5FSxiUB96rFOUZckj3J7rqcNULxOw,https://www.linkedin.com/in/anikamolina/,Developer,"Language access at the county courthouse is small compared to what people usually write about here, which is exactly why nobody had fixed it. The version of it I know best is narrow — one office, one process, maybe two hundred people affected — but I could see the whole shape of it from there. I started a weekly pickup that routes leftovers to a shelter downtown. I learned that a solution nobody adopts is worth less than no solution at all.","I found it in a robotics team that met in a borrowed garage, which is not where I expected to find it. There was no hierarchy to speak of, which sounds idealistic and was mostly just practical: whoever knew how to do the thing did the thing, and taught the next person. The rule was that whoever knew the least got to ask first. What I would bring into CTC is that habit of making the entry cost low.","Dear Ms. Duarte,

Thank you for teaching me that I was allowed to start things without permission. You gave me a job that was slightly too hard on purpose and then made it obvious you were nearby. I have never had a better arrangement. I did not understand why it mattered until much later, when I caught myself doing it without deciding to.

— Anika","I built a static analysis pass that flags database queries inside loops. Go for the service, Figma for the parts I should not have been trusted with. The lesson was about adoption, not analysis: the first version had a 30% false positive rate and people turned it off inside a week. I want to get better at systems design and at reading other people's code quickly.",I would talk about the surprisingly bitter world of competitive crossword construction. I have given a version of this at a dinner table and it worked.,"CSCI 201, EE 109, CSCI 170, WRIT 150, ITP 259; marching band ~10 hrs/week"
8/6/2026 1:10:59,anika.costa@usc.edu,7551060252,Anika Costa,Computer Science,Applied Analytics,2028,she/her/hers,Female,Asian,https://drive.google.com/open?id=1MAjIoWfdfnFPsxcMgVek3zCCb-P9vJ7-,,Developer,Digital literacy for older adults is important to me. I want to keep working on things like this.,The community I would pick is a community garden run entirely by retirees and me. I hope to bring that energy to CTC.,"Dear Ms. Sadiq,

Thank you for teaching me that I was allowed to start things without permission. It mattered to me.

— Anika","I built an inventory app for my family's restaurant, written in Django one summer. I would like to get properly good at databases rather than superstitious about them.",I would talk about the physics of why bad coffee tastes bad. It is interesting.,"CSCI 170, MATH 407; part-time job ~12 hrs/week; TA office hours ~6 hrs/week"
8/6/2026 1:23:48,ayaan.farouk@usc.edu,6843123411,Ayaan Farouk,"Computer Science, Linguistics",Applied Analytics,2029,she/her/hers,Male,White,https://drive.google.com/open?id=1vbgJjbUJF5NyKLVBvc1yKVnVR8kF4EHb,,Designer,"I got interested in the cost of textbooks through a job I took for the money and stayed in for other reasons. I spent last summer working somewhere it was impossible to ignore, and the pattern was always the same: the people closest to it had known about it for years and had never been asked. I organised a workshop and eleven people came to the first one. It taught me to make the first version much smaller than I wanted to.","A church youth orchestra with no conductor is the honest answer, even though it is not the impressive one. The whole thing ran on Sunday evenings, which meant everyone there had chosen it over something easier. It ran on a hundred small favours nobody kept score of. What I would bring into CTC is that habit of making the entry cost low.","Dear Mr. Chaudhry,

Thank you for teaching me that I was allowed to start things without permission. You told me once, fairly bluntly, that I was hiding behind how much I had read. It was the most useful unkind thing anyone has said to me. I did not understand why it mattered until much later, when I caught myself doing it without deciding to.

— Ayaan","I built an inventory app for my family's restaurant, written in Django one summer. Java and C++ from coursework, Python and Django for anything I choose myself. I learned that the optimal schedule was the one everybody hated, because I had optimised for the wrong thing. I would like to get properly good at databases rather than superstitious about them.",I would talk about an eight-minute history of the shipping container. It is the only thing I can talk about for ten minutes with no notes.,"EE 109, WRIT 150, ITP 259, CSCI 360, CSCI 356; research assistantship ~8 hrs/week; part-time job ~12 hrs/week"
8/6/2026 2:54:46,anika.zaman@usc.edu,3645452606,Anika Zaman,Environmental Studies,,2027,they/them/theirs,Female,White,https://drive.google.com/open?id=1WMrWWok8scTbQ8R-3g74wv-1Z-Cdc07U,,Designer,"How volunteer tutoring gets matched is small compared to what people usually write about here, which is exactly why nobody had fixed it. I had assumed somebody upstream was handling it. Nobody was, and the reason nobody was is that it belonged to no single person's job description. I started a weekly pickup that routes leftovers to a shelter downtown. I learned that a solution nobody adopts is worth less than no solution at all.","The community I belonged to was a debate circuit that travelled by van, and it took me a year to notice it had become one. I joined because a friend dragged me and stayed because within a month three people had asked me to explain something and taken the answer seriously. It ran on a hundred small favours nobody kept score of. The thing worth carrying over is that nobody there performed competence they did not have.","Dear Ms. Rahman,

Thank you for teaching me that the person who asks the naive question is doing everyone a favour. I remember you stopping a whole session because one person had not followed, and doing it in a way that made it obvious the fault was in the explanation rather than in them. I have tried to run every meeting I lead like that since. I did not understand why it mattered until much later, when I caught myself doing it without deciding to.

— Anika","I built a research assistantship cleaning sensor data nobody had documented. Java and C++ from coursework, Python and Django for anything I choose myself. The useful part was sitting with the people using it rather than asking them what they wanted in the abstract. I am keen to work on something with real users and real consequences for once.",I would talk about the surprisingly bitter world of competitive crossword construction. Everyone thinks they already know this and nearly everyone is wrong.,"ITP 259, CSCI 270; campus radio show ~2 hrs/week"
8/6/2026 3:21:14,viktor.kowalski@usc.edu,7891900286,Viktor Kowalski,Neuroscience,Applied Analytics,2030,she/her/hers,Female,Asian,https://drive.google.com/open?id=1FDxwSNzEdhqnIUvNFLii_x4pTIAfX5Hc,,Developer,The way clinics schedule appointments is important to me. It taught me to keep going.,The kitchen of my family's restaurant was my community. I hope to bring that energy to CTC.,"Dear Ms. Duarte,

Thank you for teaching me that being the least experienced person in a room is a resource, not a liability. It mattered to me.

— Viktor","I built a compiler for a small statically typed language, continued well past the course. I am eager to learn more about accessibility work and about testing that is actually worth maintaining.",I would talk about the physics of why bad coffee tastes bad. It is interesting.,"CSCI 103, CSCI 170, MATH 407, EE 109, CSCI 360; another club board position ~5 hrs/week"
8/6/2026 3:29:18,sofia.mwangi@usc.edu,2298934517,Sofia Mwangi,Statistics,Data Analytics,2028,she/her/hers,Male,Black or African American,https://drive.google.com/open?id=1fI3KYpJ7Z7rEiK4aAbiJjqs7ARBi_PMA,,Developer,"Transit deserts near campus is small compared to what people usually write about here, which is exactly why nobody had fixed it. The version of it I know best is narrow — one office, one process, maybe two hundred people affected — but I could see the whole shape of it from there. I interviewed fourteen people before I wrote a single line of code. What I learned was that the technical part was never the hard part.","I found it in a 6am swim squad nobody else wanted to join, which is not where I expected to find it. The whole thing ran on Sunday evenings, which meant everyone there had chosen it over something easier. Nobody there cared what I was good at yet, only whether I showed up. What I would bring into CTC is that habit of making the entry cost low.","Dear Mr. Beltran,

Thank you for teaching me that the person who asks the naive question is doing everyone a favour. I remember you stopping a whole session because one person had not followed, and doing it in a way that made it obvious the fault was in the explanation rather than in them. I have tried to run every meeting I lead like that since. I did not understand why it mattered until much later, when I caught myself doing it without deciding to.

— Sofia","I built a parser for a niche scientific file format, now with eight regular bug reporters. Mostly Python and Postgres, with enough React to be dangerous. What surprised me was the maintenance cost; I had thought of shipping as the finish line. I want to learn how to scope a project so it can ship in a semester.",I would talk about what actually happens when you flush on an aeroplane. It changed how I look at a city and I want to inflict that on other people.,"CSCI 170, CSCI 360, MATH 225, BUAD 304, CSCI 270; TA office hours ~6 hrs/week; marching band ~10 hrs/week"
8/6/2026 3:35:17,valeria.kowalski@usc.edu,2041076108,Valeria Kowalski,Computer Science,,2030,he/him/his,Male,White,https://drive.google.com/open?id=1T29jIEHME-zqQPPInzGiNEUcA9lgRf_t,https://www.linkedin.com/in/valeriakowalski/,Product Manager,"The problem I keep coming back to is transit deserts near campus, mostly because I watched it up close. It is the kind of problem that never becomes urgent enough to fix, so it just quietly costs people hours every week forever. I trained two other volunteers so it would survive me graduating. The lesson was that I should have asked the people doing the work before designing anything.","The overnight shift at a campus radio station is the honest answer, even though it is not the impressive one. There was no hierarchy to speak of, which sounds idealistic and was mostly just practical: whoever knew how to do the thing did the thing, and taught the next person. It ran on a hundred small favours nobody kept score of. I would like to bring the part where the newest person is asked first.","Dear Mr. Hoffmann,

Thank you for teaching me that a wrong answer said out loud is worth more than a right one kept quiet. I remember you stopping a whole session because one person had not followed, and doing it in a way that made it obvious the fault was in the explanation rather than in them. I have tried to run every meeting I lead like that since. I did not understand why it mattered until much later, when I caught myself doing it without deciding to.

— Valeria","I built a model predicting missed clinic appointments, so patients could be called the day before. Mostly Python and Postgres, with enough React to be dangerous. I learned that the optimal schedule was the one everybody hated, because I had optimised for the wrong thing. I want to get better at systems design and at reading other people's code quickly.","I would talk about competitive dog agility, which I promise is a real sport. Everyone thinks they already know this and nearly everyone is wrong.","EE 109, CSCI 360, MATH 225; research assistantship ~8 hrs/week"
8/6/2026 3:54:02,isabel.vargas@usc.edu,3954520412,Isabel Vargas,Cognitive Science,Public Health,2029,she/her/hers,Male,Hispanic or Latino,https://drive.google.com/open?id=105coYix3OK2VTRaqm7h3T_I67zJaH8CA,https://www.linkedin.com/in/isabelvargas/,Developer,"I got interested in transit deserts near campus through a job I took for the money and stayed in for other reasons. The version of it I know best is narrow — one office, one process, maybe two hundred people affected — but I could see the whole shape of it from there. I started a weekly pickup that routes leftovers to a shelter downtown. The lesson was that I should have asked the people doing the work before designing anything.","The community I belonged to was my high school's stage crew, and it took me a year to notice it had become one. People turned up for each other's unrelated stuff — recitals, matches, one memorably grim moving day — and that is the part I did not appreciate until it stopped. We shared tools and, more importantly, shared credit. What I would bring into CTC is that habit of making the entry cost low.","Dear Coach Sadiq,

Thank you for teaching me that a wrong answer said out loud is worth more than a right one kept quiet. You told me once, fairly bluntly, that I was hiding behind how much I had read. It was the most useful unkind thing anyone has said to me. I did not understand why it mattered until much later, when I caught myself doing it without deciding to.

— Isabel","I built a research assistantship cleaning sensor data nobody had documented. Mostly Python and Postgres, with enough React to be dangerous. The useful part was sitting with the people using it rather than asking them what they wanted in the abstract. I want to learn how to scope a project so it can ship in a semester.",I would talk about how to sight-read music badly but confidently. It changed how I look at a city and I want to inflict that on other people.,"MATH 225, DSCI 351; intramural volleyball ~3 hrs/week; another club board position ~5 hrs/week"
8/6/2026 4:10:59,anika.costa@usc.edu,7551060252,Anika Costa,Computer Science,Applied Analytics,2028,she/her/hers,Female,Asian,https://drive.google.com/open?id=1MAjIoWfdfnFPsxcMgVek3zCCb-P9vJ7-,,Developer,"The way clinics schedule appointments is the problem I have actually done something about, so it is the one I will write about. I had assumed somebody upstream was handling it. Nobody was, and the reason nobody was is that it belonged to no single person's job description. I ran a pilot with one classroom before asking the district for anything. The first version was worse than the spreadsheet it replaced, which was humbling and useful in roughly equal measure. The thing I got wrong was optimising for the outcome I could measure instead of the one that mattered.","A community garden run entirely by retirees and me taught me that belonging is built out of logistics more than sentiment. The whole thing ran on Sunday evenings, which meant everyone there had chosen it over something easier. Nobody there cared what I was good at yet, only whether I showed up. What I would bring to CTC is the unglamorous maintenance that keeps a community alive: the reminder message, the booked room, the noticing that somebody has gone quiet.","Dear Mr. Okonkwo,

Thank you for teaching me how to disagree with someone without making it about them. There was a week where I was clearly out of my depth and you neither rescued me nor let me drown, which I now understand took actual restraint. I think about it more than almost anything else I was formally taught, and I have started passing it on badly, which I am told is how these things travel. Thank you for it. I am still working out how to do the same for somebody else without being insufferable about it.

— Anika","I built a scheduling tool for the volunteer tutoring programme I coordinate. Mostly Python and Postgres, with enough React to be dangerous. It taught me that a tool nobody trusts is worse than no tool, because it burns the next person's credibility too. I would like to get properly good at databases rather than superstitious about them.","I would talk about an eight-minute history of the shipping container. It is the only thing I can talk about for ten minutes with no notes. It ends with a genuinely unresolved argument, which I think is a better ending than a conclusion.","ITP 259, CSCI 170, CSCI 201, MATH 407; TA office hours ~6 hrs/week"
8/6/2026 4:18:08,sekou.zaman@usc.edu,5205272364,Sekou Zaman,Neuroscience,Occupational Science,2027,he/him/his,Male,Asian,https://drive.google.com/open?id=1WtvZB1KXWzncKWqNA7gEyXK1ke-RPMIy,https://www.linkedin.com/in/sekouzaman/,Developer,E-waste from campus upgrades is important to me. I learned a lot from it.,I felt like I belonged to my high school's stage crew. I want to bring that to the CTC family.,"Dear Mr. Watanabe,

Thank you for teaching me that the person who asks the naive question is doing everyone a favour. It mattered to me.

— Sekou",I built a research assistantship cleaning sensor data nobody had documented. I am keen to work on something with real users and real consequences for once.,I would talk about how to sight-read music badly but confidently. It is interesting.,"EE 109, ITP 259, CSCI 170; research assistantship ~8 hrs/week"
8/6/2026 4:28:18,elena.costa@usc.edu,3866340840,Elena Costa,International Relations,Occupational Science,2029,he/him/his,Male,Hispanic or Latino,https://drive.google.com/open?id=1jqeR-ufp4ZyvDmZEUki4eFlZjLZD4vq3,,Developer,"The problem I keep coming back to is how few girls stayed in my school's robotics club, mostly because I watched it up close. I spent last summer working somewhere it was impossible to ignore, and the pattern was always the same: the people closest to it had known about it for years and had never been asked. I started a weekly pickup that routes leftovers to a shelter downtown. It taught me to make the first version much smaller than I wanted to.","The overnight shift at a campus radio station is the honest answer, even though it is not the impressive one. People turned up for each other's unrelated stuff — recitals, matches, one memorably grim moving day — and that is the part I did not appreciate until it stopped. We shared tools and, more importantly, shared credit. What I would bring into CTC is that habit of making the entry cost low.","Dear Dr. Mwangi,

Thank you for teaching me that I should write the thing down before I believe I understand it. You gave me a job that was slightly too hard on purpose and then made it obvious you were nearby. I have never had a better arrangement. I did not understand why it mattered until much later, when I caught myself doing it without deciding to.

— Elena","I built a model predicting missed clinic appointments, so patients could be called the day before. Java and C++ from coursework, Python and Django for anything I choose myself. The lesson was about adoption, not analysis: the first version had a 30% false positive rate and people turned it off inside a week. I am keen to work on something with real users and real consequences for once.",I would talk about why every restaurant menu is designed badly on purpose. It is the only thing I can talk about for ten minutes with no notes.,"ITP 259, CSCI 170; part-time job ~12 hrs/week"
8/6/2026 8:34:27,beatriz.lindqvist@usc.edu,9139127172,Beatriz Lindqvist,Psychology,Music Recording,2028,she/they,Male,Native Hawaiian or Other Pacific Islander,https://drive.google.com/open?id=1M0VAH1F5RLlkFffaODz_ZcGCP4asu7ZI,,Developer,The way clinics schedule appointments is important to me. It taught me to keep going.,The community I would pick is a mutual aid group that started as a group chat. I think CTC has that too.,"Dear Professor Nair,

Thank you for teaching me that the person who asks the naive question is doing everyone a favour. It mattered to me.

— Beatriz","I built a compiler for a small statically typed language, continued well past the course. I want to get better at systems design and at reading other people's code quickly.",I would talk about why every restaurant menu is designed badly on purpose. It is interesting.,"PSYC 314, EE 109, WRIT 150, CSCI 104, CSCI 360; part-time job ~12 hrs/week; intramural volleyball ~3 hrs/week"
8/6/2026 9:10:55,viktor.zaman@usc.edu,5730119164,Viktor Zaman,"Computer Science, Linguistics",Social Entrepreneurship,2029,,Female,Black or African American,https://drive.google.com/open?id=1BiXvyB78fYjSisSqjZKn24XfINNElBqI,https://www.linkedin.com/in/viktorzaman/,Developer,"I got interested in the way clinics schedule appointments through a job I took for the money and stayed in for other reasons. It is the kind of problem that never becomes urgent enough to fix, so it just quietly costs people hours every week forever. I ran a pilot with one classroom before asking the district for anything. The lesson was that I should have asked the people doing the work before designing anything.","The kitchen of my family's restaurant is the honest answer, even though it is not the impressive one. The whole thing ran on Sunday evenings, which meant everyone there had chosen it over something easier. It ran on a hundred small favours nobody kept score of. I would like to bring the part where the newest person is asked first.","Dear Ms. Brandt,

Thank you for teaching me that the person who asks the naive question is doing everyone a favour. I remember you stopping a whole session because one person had not followed, and doing it in a way that made it obvious the fault was in the explanation rather than in them. I have tried to run every meeting I lead like that since. I did not understand why it mattered until much later, when I caught myself doing it without deciding to.

— Viktor","I built an inventory app for my family's restaurant, written in Django one summer. Mostly Python and Postgres, with enough React to be dangerous. What surprised me was the maintenance cost; I had thought of shipping as the finish line. I am keen to work on something with real users and real consequences for once.",I would talk about why the QWERTY story you have heard is wrong. It is the only thing I can talk about for ten minutes with no notes.,"CSCI 170, DSCI 351, BUAD 304, ITP 259, CSCI 356; marching band ~10 hrs/week; another club board position ~5 hrs/week"
8/6/2026 10:07:30,anika.beltran@usc.edu,5188087830,Anika Beltran,Cognitive Science,Cinematic Arts,2030,she/her/hers,Male,Two or more races,https://drive.google.com/open?id=1Y6stY3OV29RQar2lxUhzDqkqrYDPEVmE,https://www.linkedin.com/in/anikabeltran/,Product Manager,"How few girls stayed in my school's robotics club is the problem I have actually done something about, so it is the one I will write about. The version of it I know best is narrow — one office, one process, maybe two hundred people affected — but I could see the whole shape of it from there. I rebuilt their intake form so it stopped losing half the submissions. It took about six weeks before anyone used it without being asked, and that was the real milestone rather than the day it worked. I learned to build the boring, durable version rather than the impressive one, because I would not be there in a year.","I belonged to the kitchen of my family's restaurant, and I have spent a while trying to work out what made it work so I could reproduce it. The whole thing ran on Sunday evenings, which meant everyone there had chosen it over something easier. People stayed after to clean up without anyone organising it. The thing I would carry in is that we lowered the bar to enter and raised it to stay, and both mattered.","Dear Ms. Bourdon,

Thank you for teaching me that a wrong answer said out loud is worth more than a right one kept quiet. You told me once, fairly bluntly, that I was hiding behind how much I had read. It was the most useful unkind thing anyone has said to me. I think about it more than almost anything else I was formally taught, and I have started passing it on badly, which I am told is how these things travel. I have not told you any of this, so consider this the version I would say badly in person.

— Anika","I built a parser for a niche scientific file format, now with eight regular bug reporters. Mostly Python and Postgres, with enough React to be dangerous. The lesson was about adoption, not analysis: the first version had a 30% false positive rate and people turned it off inside a week. I would like to get properly good at databases rather than superstitious about them.",I would talk about why the QWERTY story you have heard is wrong. I have given a version of this at a dinner table and it worked. The best part is the bit where everyone realises they have been doing it wrong for years.,"MATH 407, CSCI 270; research assistantship ~8 hrs/week; another club board position ~5 hrs/week"
8/6/2026 10:36:05,ayaan.tran@usc.edu,8925140240,Ayaan Trần,International Relations,Cinematic Arts,2028,he/him/his,Male,Hispanic or Latino,https://drive.google.com/open?id=1ugatkza2zXXYBzkqBX1HuCNVrsqKy-4R,https://www.linkedin.com/in/ayaantrn/,Developer,"I spent two years adjacent to digital literacy for older adults before I felt entitled to an opinion about it. It is the kind of problem that never becomes urgent enough to fix, so it just quietly costs people hours every week forever. I organised a workshop and eleven people came to the first one. Two people still run it now that I have handed it over, which matters more to me than anything about how it was built. What I learned is that the most consequential decision in a project like this is usually not a technical one.","A mutual aid group that started as a group chat taught me that belonging is built out of logistics more than sentiment. People turned up for each other's unrelated stuff — recitals, matches, one memorably grim moving day — and that is the part I did not appreciate until it stopped. The rule was that whoever knew the least got to ask first. I would want to bring the norm that you can say you do not understand something in a room full of people nodding.","Dear Coach Duarte,

Thank you for teaching me that being the least experienced person in a room is a resource, not a liability. You gave me a job that was slightly too hard on purpose and then made it obvious you were nearby. I have never had a better arrangement. I think about it more than almost anything else I was formally taught, and I have started passing it on badly, which I am told is how these things travel. I do not think you would remember any of this, which is sort of the point — it cost you very little and it rearranged how I work.

— Ayaan","I built a parser for a niche scientific file format, now with eight regular bug reporters. TypeScript, a lot of SQL, and more shell scripting than I expected. I learned that the optimal schedule was the one everybody hated, because I had optimised for the wrong thing. I am keen to work on something with real users and real consequences for once.","I would talk about why my hometown has three names. It changed how I look at a city and I want to inflict that on other people. I would keep it to four minutes and take questions, because the questions are better than the talk.","PSYC 314, MATH 226, WRIT 150; club soccer ~6 hrs/week; part-time job ~12 hrs/week"
8/6/2026 11:07:39,sven.lindgren@usc.edu,6024801794,Sven Lindgren,Environmental Studies,Social Entrepreneurship,2028,she/her/hers,Male,Asian,https://drive.google.com/open?id=17Hr_BwneNzftg_EtGQYfI1rnS6R7Bhmm,,Developer,"The paperwork small nonprofits drown in is small compared to what people usually write about here, which is exactly why nobody had fixed it. What made it stick was realising that everybody involved was competent and well-meaning and it still did not work, which meant the problem was structural rather than anybody's fault. I ran a pilot with one classroom before asking the district for anything. I learned that a solution nobody adopts is worth less than no solution at all.","The community I belonged to was a mutual aid group that started as a group chat, and it took me a year to notice it had become one. I joined because a friend dragged me and stayed because within a month three people had asked me to explain something and taken the answer seriously. The rule was that whoever knew the least got to ask first. The thing worth carrying over is that nobody there performed competence they did not have.","Dear Ms. Mwangi,

Thank you for teaching me that I was allowed to start things without permission. I remember you stopping a whole session because one person had not followed, and doing it in a way that made it obvious the fault was in the explanation rather than in them. I have tried to run every meeting I lead like that since. I did not understand why it mattered until much later, when I caught myself doing it without deciding to.

— Sven","I built an inventory app for my family's restaurant, written in Django one summer. TypeScript, a lot of SQL, and more shell scripting than I expected. The useful part was sitting with the people using it rather than asking them what they wanted in the abstract. I want to learn how to scope a project so it can ship in a semester.",I would talk about why the QWERTY story you have heard is wrong. It is the only thing I can talk about for ten minutes with no notes.,"CSCI 201, CSCI 104, CSCI 360; tutoring ~4 hrs/week"
8/6/2026 11:57:30,amara.fujimoto@usc.edu,1107398892,Amara Fujimoto,"Economics, Mathematics",Philosophy,2029,she/her/hers,Male,White,https://drive.google.com/open?id=1KA-Gyy-w5q7I8ChOCbioHrrPxb-QY3zs,https://www.linkedin.com/in/amarafujimoto/,Developer,"Digital literacy for older adults is small compared to what people usually write about here, which is exactly why nobody had fixed it. What made it stick was realising that everybody involved was competent and well-meaning and it still did not work, which meant the problem was structural rather than anybody's fault. I wrote a script that cut a four-hour manual process to about ten minutes. The lesson was that I should have asked the people doing the work before designing anything.","A church youth orchestra with no conductor is the honest answer, even though it is not the impressive one. The whole thing ran on Sunday evenings, which meant everyone there had chosen it over something easier. People stayed after to clean up without anyone organising it. What I would bring into CTC is that habit of making the entry cost low.","Dear Ms. Watanabe,

Thank you for teaching me how to disagree with someone without making it about them. I remember you stopping a whole session because one person had not followed, and doing it in a way that made it obvious the fault was in the explanation rather than in them. I have tried to run every meeting I lead like that since. I did not understand why it mattered until much later, when I caught myself doing it without deciding to.

— Amara","I built an internship on a payments team, mostly writing migrations and tests. TypeScript, a lot of SQL, and more shell scripting than I expected. The lesson was about adoption, not analysis: the first version had a 30% false positive rate and people turned it off inside a week. I want to get better at systems design and at reading other people's code quickly.",I would talk about the surprisingly bitter world of competitive crossword construction. It is the only thing I can talk about for ten minutes with no notes.,"MATH 226, DSCI 351, MATH 407, ITP 259; another club board position ~5 hrs/week; marching band ~10 hrs/week"
8/6/2026 13:24:52,rahul.kowalski@usc.edu,2340955581,Rahul Kowalski,"Computer Science, Linguistics",Public Health,2028,he/him/his,Female,Black or African American,https://drive.google.com/open?id=1qtfHz90iM2E-3EK7dEC3jDMeLHHup-ZW,,Developer,"I did not expect to care about the way clinics schedule appointments, and then I spent a summer close to it. I had assumed somebody upstream was handling it. Nobody was, and the reason nobody was is that it belonged to no single person's job description. I built a spreadsheet, then an actual tool, that matches donations to need. It taught me to make the first version much smaller than I wanted to.","The community I belonged to was a robotics team that met in a borrowed garage, and it took me a year to notice it had become one. There was no hierarchy to speak of, which sounds idealistic and was mostly just practical: whoever knew how to do the thing did the thing, and taught the next person. Nobody there cared what I was good at yet, only whether I showed up. What I would bring into CTC is that habit of making the entry cost low.","Dear Ms. Nakamura,

Thank you for teaching me how to disagree with someone without making it about them. You told me once, fairly bluntly, that I was hiding behind how much I had read. It was the most useful unkind thing anyone has said to me. I did not understand why it mattered until much later, when I caught myself doing it without deciding to.

— Rahul","I built a compiler for a small statically typed language, continued well past the course. Java and C++ from coursework, Python and Django for anything I choose myself. The useful part was sitting with the people using it rather than asking them what they wanted in the abstract. I am eager to learn more about accessibility work and about testing that is actually worth maintaining.",I would talk about the correct way to argue about tipping. It is the only thing I can talk about for ten minutes with no notes.,"CSCI 270, MATH 407, BUAD 304; research assistantship ~8 hrs/week"
8/6/2026 13:56:45,malik.haddad@usc.edu,6112504426,Malik Haddad,Computer Science and Business Administration,Public Health,2028,she/her/hers,Female,Black or African American,https://drive.google.com/open?id=11woJRWPGiPG3GCPhvONEmgNZvZ3u8rq6,https://www.linkedin.com/in/malikhaddad/,Developer,Something I care about is transit deserts near campus. I learned a lot from it.,I felt like I belonged to a church youth orchestra with no conductor. I think CTC has that too.,"Dear Professor Andersen,

Thank you for teaching me that ""good enough, shipped"" beats ""perfect, someday"". It mattered to me.

— Malik","I built an inventory app for my family's restaurant, written in Django one summer. I want to learn how to scope a project so it can ship in a semester.",I would talk about how to sight-read music badly but confidently. It is interesting.,"CSCI 103, WRIT 150, CSCI 356, BUAD 304; intramural volleyball ~3 hrs/week"
8/6/2026 15:15:40,hugo.costa@usc.edu,9737918240,Hugo Costa,Computer Science,Spanish,2030,he/him/his,Female,Asian,https://drive.google.com/open?id=1Mc3hN9Uh2ADDSBwWdR067CBZGXInFkSu,,Developer,"I got interested in how hard it is to find mental health care through a job I took for the money and stayed in for other reasons. The version of it I know best is narrow — one office, one process, maybe two hundred people affected — but I could see the whole shape of it from there. I started a weekly pickup that routes leftovers to a shelter downtown. It taught me to make the first version much smaller than I wanted to.","A mutual aid group that started as a group chat is the honest answer, even though it is not the impressive one. I joined because a friend dragged me and stayed because within a month three people had asked me to explain something and taken the answer seriously. It was the first place where being confused out loud was normal. I would like to bring the part where the newest person is asked first.","Dear Coach Serrano,

Thank you for teaching me that the person who asks the naive question is doing everyone a favour. I remember you stopping a whole session because one person had not followed, and doing it in a way that made it obvious the fault was in the explanation rather than in them. I have tried to run every meeting I lead like that since. I did not understand why it mattered until much later, when I caught myself doing it without deciding to.

— Hugo","I built a parser for a niche scientific file format, now with eight regular bug reporters. Go for the service, Figma for the parts I should not have been trusted with. What surprised me was the maintenance cost; I had thought of shipping as the finish line. I would like to get properly good at databases rather than superstitious about them.",I would talk about why every restaurant menu is designed badly on purpose. I want an excuse to finally make the slides.,"ITP 259, EE 109, BUAD 304, CSCI 103; campus radio show ~2 hrs/week"
8/6/2026 15:48:57,levi.ibarra@usc.edu,1583790989,Levi Ibarra,Statistics,Design,2028,he/him/his,Male,Native Hawaiian or Other Pacific Islander,https://drive.google.com/open?id=16PiDWyDx23_GWPzbp5gtRxVZ7NcOqNOB,https://www.linkedin.com/in/leviibarra/,Developer,"I got interested in transit deserts near campus through a job I took for the money and stayed in for other reasons. It is the kind of problem that never becomes urgent enough to fix, so it just quietly costs people hours every week forever. I interviewed fourteen people before I wrote a single line of code. I learned that a solution nobody adopts is worth less than no solution at all.","The community I belonged to was a community garden run entirely by retirees and me, and it took me a year to notice it had become one. We had almost nothing. One working laptop, a whiteboard somebody had rescued from a skip, and a standing agreement that you cleaned up whether or not it was your mess. The rule was that whoever knew the least got to ask first. What I would bring into CTC is that habit of making the entry cost low.","Dear Mr. Ferreira,

Thank you for teaching me how to disagree with someone without making it about them. There was a week where I was clearly out of my depth and you neither rescued me nor let me drown, which I now understand took actual restraint. I did not understand why it mattered until much later, when I caught myself doing it without deciding to.

— Levi","I built a scheduling tool for the volunteer tutoring programme I coordinate. Mostly Python and Postgres, with enough React to be dangerous. It taught me that a tool nobody trusts is worse than no tool, because it burns the next person's credibility too. I am eager to learn more about accessibility work and about testing that is actually worth maintaining.","I would talk about how to read a subway map, and why almost every city gets it wrong. It is the only thing I can talk about for ten minutes with no notes.","CSCI 356, MATH 407, DSCI 351, CSCI 360, CSCI 104; another club board position ~5 hrs/week"
8/6/2026 16:22:41,camila.serrano@usc.edu,6191177105,Camila Serrano,Public Policy,Human-Centered Design,2029,he/him/his,Male,Hispanic or Latino,https://drive.google.com/open?id=1fi_O-orhw_6ywQuBnBfRbaO5P_lpDuMm,https://www.linkedin.com/in/camilaserrano/,Developer,"The problem I picked is the cost of textbooks, which sounds minor until you count how many hours it costs the people carrying it. It is the kind of problem that never becomes urgent enough to fix, so it just quietly costs people hours every week forever. I built a spreadsheet, then an actual tool, that matches donations to need. Two people still run it now that I have handed it over, which matters more to me than anything about how it was built. The thing I got wrong was optimising for the outcome I could measure instead of the one that mattered.","A Discord server for a game that died years ago taught me that belonging is built out of logistics more than sentiment. We had almost nothing. One working laptop, a whiteboard somebody had rescued from a skip, and a standing agreement that you cleaned up whether or not it was your mess. The rule was that whoever knew the least got to ask first. What I would bring to CTC is the unglamorous maintenance that keeps a community alive: the reminder message, the booked room, the noticing that somebody has gone quiet.","Dear Professor Bourdon,

Thank you for teaching me that being the least experienced person in a room is a resource, not a liability. The specific moment I keep returning to is the afternoon I handed in something I knew was mediocre, and instead of grading it you asked me what I would change if I had another week. I did not have an answer, which was the point. I think about it more than almost anything else I was formally taught, and I have started passing it on badly, which I am told is how these things travel. I hope you are still doing it for whoever came after me.

— Camila","I built a parser for a niche scientific file format, now with eight regular bug reporters. TypeScript, a lot of SQL, and more shell scripting than I expected. It taught me that a tool nobody trusts is worse than no tool, because it burns the next person's credibility too. I want to get better at systems design and at reading other people's code quickly.",I would talk about the correct way to argue about tipping. Everyone thinks they already know this and nearly everyone is wrong. The best part is the bit where everyone realises they have been doing it wrong for years.,"CSCI 356, CSCI 201; campus radio show ~2 hrs/week; research assistantship ~8 hrs/week"
8/6/2026 18:18:04,diego.tanaka@usc.edu,3091760765,Diego Tanaka,Industrial and Systems Engineering,Mathematics,2027,she/her/hers,Male,White,https://drive.google.com/open?id=1mcZGEGZLktN8OXq0OPLfl7BE248F2N33,https://www.linkedin.com/in/diegotanaka/,Developer,"The problem I keep coming back to is how few girls stayed in my school's robotics club, mostly because I watched it up close. I had assumed somebody upstream was handling it. Nobody was, and the reason nobody was is that it belonged to no single person's job description. I organised a workshop and eleven people came to the first one. What I learned was that the technical part was never the hard part.","The community I belonged to was a Discord server for a game that died years ago, and it took me a year to notice it had become one. There was no hierarchy to speak of, which sounds idealistic and was mostly just practical: whoever knew how to do the thing did the thing, and taught the next person. It was the first place where being confused out loud was normal. I would like to bring the part where the newest person is asked first.","Dear Professor Mansour,

Thank you for teaching me that I was allowed to start things without permission. You gave me a job that was slightly too hard on purpose and then made it obvious you were nearby. I have never had a better arrangement. I did not understand why it mattered until much later, when I caught myself doing it without deciding to.

— Diego","I built a scheduling tool for the volunteer tutoring programme I coordinate. TypeScript, a lot of SQL, and more shell scripting than I expected. The useful part was sitting with the people using it rather than asking them what they wanted in the abstract. I am eager to learn more about accessibility work and about testing that is actually worth maintaining.",I would talk about why the QWERTY story you have heard is wrong. I want an excuse to finally make the slides.,"BUAD 304, MATH 226, WRIT 150, MATH 407, EE 109; campus radio show ~2 hrs/week"
8/6/2026 18:21:20,lucas.beltran@usc.edu,3778561877,Lucas Beltran,Psychology,Entrepreneurship,2028,he/him/his,Male,Hispanic or Latino,https://drive.google.com/open?id=1yUT39RPE7UFncysMhYXN3UtdyGQ0olsV,https://www.linkedin.com/in/lucasbeltran/,Product Manager,"I got interested in the way clinics schedule appointments through a job I took for the money and stayed in for other reasons. It is the kind of problem that never becomes urgent enough to fix, so it just quietly costs people hours every week forever. I trained two other volunteers so it would survive me graduating. What I learned was that the technical part was never the hard part.","I found it in a Discord server for a game that died years ago, which is not where I expected to find it. We had almost nothing. One working laptop, a whiteboard somebody had rescued from a skip, and a standing agreement that you cleaned up whether or not it was your mess. We shared tools and, more importantly, shared credit. I would like to bring the part where the newest person is asked first.","Dear Mr. Hoffmann,

Thank you for teaching me that the person who asks the naive question is doing everyone a favour. You told me once, fairly bluntly, that I was hiding behind how much I had read. It was the most useful unkind thing anyone has said to me. I did not understand why it mattered until much later, when I caught myself doing it without deciding to.

— Lucas","I built a compiler for a small statically typed language, continued well past the course. Mostly Python and Postgres, with enough React to be dangerous. It taught me that a tool nobody trusts is worse than no tool, because it burns the next person's credibility too. I am eager to learn more about accessibility work and about testing that is actually worth maintaining.",I would talk about an eight-minute history of the shipping container. I want an excuse to finally make the slides.,"ITP 259, PSYC 314, MATH 226, BUAD 304, CSCI 104; intramural volleyball ~3 hrs/week"
8/6/2026 19:35:05,devan.venkatesan@usc.edu,7800359523,Devan Venkatesan,Data Science,Philosophy,2028,she/her/hers,Female,White,https://drive.google.com/open?id=1GF5oSmds1uhlk8qorQJHOeOfMgkXoxeC,https://www.linkedin.com/in/devanvenkatesan/,Developer,Something I care about is how volunteer tutoring gets matched. It was a good experience overall.,The community I would pick is my high school's stage crew. I want to bring that to the CTC family.,"Dear Coach Petrova,

Thank you for teaching me that the person who asks the naive question is doing everyone a favour. It mattered to me.

— Devan",I built a scheduling tool for the volunteer tutoring programme I coordinate. I want to get better at systems design and at reading other people's code quickly.,I would talk about an eight-minute history of the shipping container. It is interesting.,"MATH 226, MATH 225; marching band ~10 hrs/week; campus radio show ~2 hrs/week"
8/6/2026 23:09:44,mei.hoffmann@usc.edu,2026883559,Mei Hoffmann,Music Industry,Occupational Science,2028,they/them/theirs,Male,Black or African American,https://drive.google.com/open?id=1DJL0RZHQPzi0kgn_Mmi1vCdseDgEgSfW,,Developer,"The problem I keep coming back to is how volunteer tutoring gets matched, mostly because I watched it up close. I had assumed somebody upstream was handling it. Nobody was, and the reason nobody was is that it belonged to no single person's job description. I trained two other volunteers so it would survive me graduating. What I learned was that the technical part was never the hard part.","The community I belonged to was my high school's stage crew, and it took me a year to notice it had become one. There was no hierarchy to speak of, which sounds idealistic and was mostly just practical: whoever knew how to do the thing did the thing, and taught the next person. People stayed after to clean up without anyone organising it. What I would bring into CTC is that habit of making the entry cost low.","Dear Ms. Mabaso,

Thank you for teaching me that I should write the thing down before I believe I understand it. The specific moment I keep returning to is the afternoon I handed in something I knew was mediocre, and instead of grading it you asked me what I would change if I had another week. I did not have an answer, which was the point. I did not understand why it mattered until much later, when I caught myself doing it without deciding to.

— Mei","I built a compiler for a small statically typed language, continued well past the course. Java and C++ from coursework, Python and Django for anything I choose myself. I learned that the optimal schedule was the one everybody hated, because I had optimised for the wrong thing. I want to learn how to scope a project so it can ship in a semester.",I would talk about an eight-minute history of the shipping container. It is the only thing I can talk about for ten minutes with no notes.,"MATH 407, CSCI 170, CSCI 360, CSCI 103; part-time job ~12 hrs/week; another club board position ~5 hrs/week"
8/7/2026 5:08:43,devan.lindgren@usc.edu,7216314685,Devan Lindgren,Biomedical Engineering,,2029,,Male,Native Hawaiian or Other Pacific Islander,https://drive.google.com/open?id=1zUe1so-YVrjHVKzcvjWFuOV3o5zay7Gg,https://www.linkedin.com/in/devanlindgren/,Developer,"I care about digital literacy for older adults, and I want to be precise about why rather than gesturing at it. It is the kind of problem that never becomes urgent enough to fix, so it just quietly costs people hours every week forever. I rebuilt their intake form so it stopped losing half the submissions. Two people still run it now that I have handed it over, which matters more to me than anything about how it was built. I learned to build the boring, durable version rather than the impressive one, because I would not be there in a year.","The community that shaped me most was a robotics team that met in a borrowed garage, mostly because it was bad at hierarchy. There was no hierarchy to speak of, which sounds idealistic and was mostly just practical: whoever knew how to do the thing did the thing, and taught the next person. It was the first place where being confused out loud was normal. I would want to bring the norm that you can say you do not understand something in a room full of people nodding.","Dear Mr. Haddad,

Thank you for teaching me that being the least experienced person in a room is a resource, not a liability. The specific moment I keep returning to is the afternoon I handed in something I knew was mediocre, and instead of grading it you asked me what I would change if I had another week. I did not have an answer, which was the point. I think about it more than almost anything else I was formally taught, and I have started passing it on badly, which I am told is how these things travel. Thank you for it. I am still working out how to do the same for somebody else without being insufferable about it.

— Devan","I built a model predicting missed clinic appointments, so patients could be called the day before. Swift for the app, and a Raspberry Pi doing something it was not designed for. I learned that the optimal schedule was the one everybody hated, because I had optimised for the wrong thing. I am keen to work on something with real users and real consequences for once.","I would talk about competitive dog agility, which I promise is a real sport. It changed how I look at a city and I want to inflict that on other people. I would need about three slides and one prop, and I already own the prop.","ITP 259, CSCI 356, CSCI 103, CSCI 270; TA office hours ~6 hrs/week"
8/7/2026 12:27:11,adaeze.halvorsen@usc.edu,1594942956,Adaeze Halvorsen,International Relations,Computer Programming,2028,she/her/hers,Female,Two or more races,https://drive.google.com/open?id=1dJuBEUW3I9oWdcLFPoAktbJuvuEf_yMW,https://www.linkedin.com/in/adaezehalvorsen/,Developer,The problem I would pick is e-waste from campus upgrades. I want to keep working on things like this.,The community I would pick is a debate circuit that travelled by van. I hope to bring that energy to CTC.,"Dear Coach Almeida,

Thank you for teaching me how to disagree with someone without making it about them. It mattered to me.

— Adaeze","I built an internship on a payments team, mostly writing migrations and tests. I want to learn how to scope a project so it can ship in a semester.",I would talk about what actually happens when you flush on an aeroplane. It is interesting.,"ITP 259, CSCI 270; part-time job ~12 hrs/week"
8/7/2026 14:12:18,chiara.farouk@usc.edu,6107838025,Chiara Farouk,Data Science,Human-Centered Design,2027,she/her/hers,Male,Native Hawaiian or Other Pacific Islander,https://drive.google.com/open?id=1xz1eH0TUHRWzmrX8Iqrztv4qrZ8XF0Wf,,Developer,"How few girls stayed in my school's robotics club is the problem I have actually done something about, so it is the one I will write about. What made it stick was realising that everybody involved was competent and well-meaning and it still did not work, which meant the problem was structural rather than anybody's fault. I started a weekly pickup that routes leftovers to a shelter downtown. Two people still run it now that I have handed it over, which matters more to me than anything about how it was built. I learned to build the boring, durable version rather than the impressive one, because I would not be there in a year.","My high school's stage crew taught me that belonging is built out of logistics more than sentiment. There was no hierarchy to speak of, which sounds idealistic and was mostly just practical: whoever knew how to do the thing did the thing, and taught the next person. Nobody there cared what I was good at yet, only whether I showed up. The thing I would carry in is that we lowered the bar to enter and raised it to stay, and both mattered.","Dear Professor Halvorsen,

Thank you for teaching me how to disagree with someone without making it about them. There was a week where I was clearly out of my depth and you neither rescued me nor let me drown, which I now understand took actual restraint. I think about it more than almost anything else I was formally taught, and I have started passing it on badly, which I am told is how these things travel. I have not told you any of this, so consider this the version I would say badly in person.

— Chiara","I built an inventory app for my family's restaurant, written in Django one summer. Mostly Python and Postgres, with enough React to be dangerous. I learned that the optimal schedule was the one everybody hated, because I had optimised for the wrong thing. I want to learn how to scope a project so it can ship in a semester.",I would talk about how to sight-read music badly but confidently. It changed how I look at a city and I want to inflict that on other people. The best part is the bit where everyone realises they have been doing it wrong for years.,"EE 109, CSCI 170, ITP 259, MATH 225, DSCI 351; tutoring ~4 hrs/week"
8/7/2026 17:19:52,rahul.cabrera@usc.edu,7543693383,Rahul Cabrera,Computer Engineering and Computer Science,Applied Analytics,2030,she/her/hers,Female,White,https://drive.google.com/open?id=1oE3KK1GgNDMhHJS5yqBhDB-bAB74PI6U,,Developer,"The problem I keep coming back to is how few girls stayed in my school's robotics club, mostly because I watched it up close. The version of it I know best is narrow — one office, one process, maybe two hundred people affected — but I could see the whole shape of it from there. I started a weekly pickup that routes leftovers to a shelter downtown. It taught me to make the first version much smaller than I wanted to.","The community I belonged to was a robotics team that met in a borrowed garage, and it took me a year to notice it had become one. There was no hierarchy to speak of, which sounds idealistic and was mostly just practical: whoever knew how to do the thing did the thing, and taught the next person. We shared tools and, more importantly, shared credit. The thing worth carrying over is that nobody there performed competence they did not have.","Dear Dr. Nair,

Thank you for teaching me how to disagree with someone without making it about them. You told me once, fairly bluntly, that I was hiding behind how much I had read. It was the most useful unkind thing anyone has said to me. I did not understand why it mattered until much later, when I caught myself doing it without deciding to.

— Rahul","I built a parser for a niche scientific file format, now with eight regular bug reporters. Java and C++ from coursework, Python and Django for anything I choose myself. I learned that the optimal schedule was the one everybody hated, because I had optimised for the wrong thing. I want to learn how to scope a project so it can ship in a semester.",I would talk about how to sight-read music badly but confidently. I have given a version of this at a dinner table and it worked.,"CSCI 103, CSCI 356, CSCI 170, DSCI 351; tutoring ~4 hrs/week; intramural volleyball ~3 hrs/week"
8/7/2026 18:56:43,zainab.aziz@usc.edu,5910341303,Zainab Aziz,Cognitive Science,Music Recording,2028,she/her/hers,Male,Asian,https://drive.google.com/open?id=1hbqlBPKaEbOdrZbqjdIgyu98_kQdh9Qo,https://www.linkedin.com/in/zainabaziz/,Developer,"I did not expect to care about how hard it is to find mental health care, and then I spent a summer close to it. What made it stick was realising that everybody involved was competent and well-meaning and it still did not work, which meant the problem was structural rather than anybody's fault. I organised a workshop and eleven people came to the first one. What I learned was that the technical part was never the hard part.","The community I belonged to was the kitchen of my family's restaurant, and it took me a year to notice it had become one. The whole thing ran on Sunday evenings, which meant everyone there had chosen it over something easier. It ran on a hundred small favours nobody kept score of. What I would bring into CTC is that habit of making the entry cost low.","Dear Dr. Sokolov,

Thank you for teaching me that being the least experienced person in a room is a resource, not a liability. You told me once, fairly bluntly, that I was hiding behind how much I had read. It was the most useful unkind thing anyone has said to me. I did not understand why it mattered until much later, when I caught myself doing it without deciding to.

— Zainab","I built a compiler for a small statically typed language, continued well past the course. Mostly Python and Postgres, with enough React to be dangerous. I learned that the optimal schedule was the one everybody hated, because I had optimised for the wrong thing. I am keen to work on something with real users and real consequences for once.",I would talk about the correct way to argue about tipping. I have given a version of this at a dinner table and it worked.,"CSCI 270, MATH 407, CSCI 170, CSCI 104; research assistantship ~8 hrs/week"
8/7/2026 22:14:27,diego.okonkwo@usc.edu,7755984361,Diego Okonkwo,Electrical Engineering,Mathematics,2029,she/her/hers,Female,Asian,https://drive.google.com/open?id=1yuOi3752HIcQZkE0-7yES5YuTqH0mzpH,,Developer,"I did not expect to care about unclaimed produce at the farmers market, and then I spent a summer close to it. I had assumed somebody upstream was handling it. Nobody was, and the reason nobody was is that it belonged to no single person's job description. I trained two other volunteers so it would survive me graduating. The lesson was that I should have asked the people doing the work before designing anything.","The overnight shift at a campus radio station is the honest answer, even though it is not the impressive one. There was no hierarchy to speak of, which sounds idealistic and was mostly just practical: whoever knew how to do the thing did the thing, and taught the next person. People stayed after to clean up without anyone organising it. The thing worth carrying over is that nobody there performed competence they did not have.","Dear Coach Diallo,

Thank you for teaching me that I should write the thing down before I believe I understand it. There was a week where I was clearly out of my depth and you neither rescued me nor let me drown, which I now understand took actual restraint. I did not understand why it mattered until much later, when I caught myself doing it without deciding to.

— Diego","I built a static analysis pass that flags database queries inside loops. Java and C++ from coursework, Python and Django for anything I choose myself. It taught me that a tool nobody trusts is worse than no tool, because it burns the next person's credibility too. I am eager to learn more about accessibility work and about testing that is actually worth maintaining.",I would talk about why my hometown has three names. It is the only thing I can talk about for ten minutes with no notes.,"WRIT 150, MATH 225; intramural volleyball ~3 hrs/week; another club board position ~5 hrs/week"
8/7/2026 22:47:38,hugo.halvorsen@usc.edu,1744800859,Hugo Halvorsen,Physics,Design,2027,she/her/hers,Male,Two or more races,https://drive.google.com/open?id=1FOP1Q8DoFyJJHFr55ICwUKBGyHs40Kx7,,Product Manager,"I got interested in transit deserts near campus through a job I took for the money and stayed in for other reasons. What made it stick was realising that everybody involved was competent and well-meaning and it still did not work, which meant the problem was structural rather than anybody's fault. I organised a workshop and eleven people came to the first one. I learned that a solution nobody adopts is worth less than no solution at all.","A church youth orchestra with no conductor is the honest answer, even though it is not the impressive one. The whole thing ran on Sunday evenings, which meant everyone there had chosen it over something easier. It was the first place where being confused out loud was normal. The thing worth carrying over is that nobody there performed competence they did not have.","Dear Professor Lindgren,

Thank you for teaching me how to disagree with someone without making it about them. I remember you stopping a whole session because one person had not followed, and doing it in a way that made it obvious the fault was in the explanation rather than in them. I have tried to run every meeting I lead like that since. I did not understand why it mattered until much later, when I caught myself doing it without deciding to.

— Hugo","I built a screen reader plugin I shipped to roughly 60 users. Go for the service, Figma for the parts I should not have been trusted with. It taught me that a tool nobody trusts is worse than no tool, because it burns the next person's credibility too. I am keen to work on something with real users and real consequences for once.",I would talk about what actually happens when you flush on an aeroplane. Everyone thinks they already know this and nearly everyone is wrong.,"ITP 259, CSCI 201, MATH 225, CSCI 170; club soccer ~6 hrs/week"
8/7/2026 23:12:20,anika.nasser@usc.edu,6738681796,Anika Nasser,Music Industry,,2028,he/him/his,Female,White,https://drive.google.com/open?id=1AMMbO14KdOEyKxuLOMlsroZxN0NctC61,,Designer,"I care about language access at the county courthouse, and I want to be precise about why rather than gesturing at it. What made it stick was realising that everybody involved was competent and well-meaning and it still did not work, which meant the problem was structural rather than anybody's fault. I ran a pilot with one classroom before asking the district for anything. The first version was worse than the spreadsheet it replaced, which was humbling and useful in roughly equal measure. I learned to build the boring, durable version rather than the impressive one, because I would not be there in a year.","A 6am swim squad nobody else wanted to join taught me that belonging is built out of logistics more than sentiment. People turned up for each other's unrelated stuff — recitals, matches, one memorably grim moving day — and that is the part I did not appreciate until it stopped. Nobody there cared what I was good at yet, only whether I showed up. What I would bring to CTC is the unglamorous maintenance that keeps a community alive: the reminder message, the booked room, the noticing that somebody has gone quiet.","Dear Coach Volkov,

Thank you for teaching me that I was allowed to start things without permission. There was a week where I was clearly out of my depth and you neither rescued me nor let me drown, which I now understand took actual restraint. I think about it more than almost anything else I was formally taught, and I have started passing it on badly, which I am told is how these things travel. I have not told you any of this, so consider this the version I would say badly in person.

— Anika","I built an inventory app for my family's restaurant, written in Django one summer. TypeScript, a lot of SQL, and more shell scripting than I expected. The useful part was sitting with the people using it rather than asking them what they wanted in the abstract. I want to learn how to scope a project so it can ship in a semester.","I would talk about why every restaurant menu is designed badly on purpose. I have given a version of this at a dinner table and it worked. I would keep it to four minutes and take questions, because the questions are better than the talk.","CSCI 270, CSCI 104, MATH 225, CSCI 201, MATH 226; TA office hours ~6 hrs/week"
8/8/2026 0:28:54,milan.nasser@usc.edu,4045923354,Milan Nasser,Computer Science,,2029,she/her/hers,Male,Asian,https://drive.google.com/open?id=1q04c80JkxFpq0XRzu-ZOGPA_hgBHbHFB,,Product Manager,"I did not expect to care about the paperwork small nonprofits drown in, and then I spent a summer close to it. I had assumed somebody upstream was handling it. Nobody was, and the reason nobody was is that it belonged to no single person's job description. I trained two other volunteers so it would survive me graduating. It taught me to make the first version much smaller than I wanted to.","The community I belonged to was the kitchen of my family's restaurant, and it took me a year to notice it had become one. People turned up for each other's unrelated stuff — recitals, matches, one memorably grim moving day — and that is the part I did not appreciate until it stopped. Nobody there cared what I was good at yet, only whether I showed up. What I would bring into CTC is that habit of making the entry cost low.","Dear Ms. Roy,

Thank you for teaching me that being the least experienced person in a room is a resource, not a liability. You gave me a job that was slightly too hard on purpose and then made it obvious you were nearby. I have never had a better arrangement. I did not understand why it mattered until much later, when I caught myself doing it without deciding to.

— Milan","I built a model predicting missed clinic appointments, so patients could be called the day before. Mostly Python and Postgres, with enough React to be dangerous. It taught me that a tool nobody trusts is worse than no tool, because it burns the next person's credibility too. I am keen to work on something with real users and real consequences for once.",I would talk about the surprisingly bitter world of competitive crossword construction. It changed how I look at a city and I want to inflict that on other people.,"EE 109, BUAD 304, PSYC 314, CSCI 170; intramural volleyball ~3 hrs/week; tutoring ~4 hrs/week"
8/8/2026 4:26:43,nadia.roy@usc.edu,1888266853,Nadia Roy,Economics,Entrepreneurship,2028,,Female,Asian,https://drive.google.com/open?id=1gA3eoIWglr74aZ0EX1Jb85pBeWGsRl-0,,Developer,"The problem I keep coming back to is how few girls stayed in my school's robotics club, mostly because I watched it up close. The version of it I know best is narrow — one office, one process, maybe two hundred people affected — but I could see the whole shape of it from there. I built a spreadsheet, then an actual tool, that matches donations to need. What I learned was that the technical part was never the hard part.","I found it in the kitchen of my family's restaurant, which is not where I expected to find it. I joined because a friend dragged me and stayed because within a month three people had asked me to explain something and taken the answer seriously. People stayed after to clean up without anyone organising it. What I would bring into CTC is that habit of making the entry cost low.","Dear Ms. Lindqvist,

Thank you for teaching me that ""good enough, shipped"" beats ""perfect, someday"". I remember you stopping a whole session because one person had not followed, and doing it in a way that made it obvious the fault was in the explanation rather than in them. I have tried to run every meeting I lead like that since. I did not understand why it mattered until much later, when I caught myself doing it without deciding to.

— Nadia","I built an internship on a payments team, mostly writing migrations and tests. Mostly Python and Postgres, with enough React to be dangerous. What surprised me was the maintenance cost; I had thought of shipping as the finish line. I want to learn how to scope a project so it can ship in a semester.","I would talk about competitive dog agility, which I promise is a real sport. I have given a version of this at a dinner table and it worked.","WRIT 150, CSCI 103; TA office hours ~6 hrs/week; club soccer ~6 hrs/week"
8/8/2026 12:26:56,devan.brandt@usc.edu,2713820319,Devan Brandt,Business Administration,Mathematics,2030,he/him/his,Male,Asian,https://drive.google.com/open?id=1QMyrzKUR4c331M-vIrMhHdHBOWoxBqx5,,Developer,"The paperwork small nonprofits drown in is small compared to what people usually write about here, which is exactly why nobody had fixed it. The version of it I know best is narrow — one office, one process, maybe two hundred people affected — but I could see the whole shape of it from there. I started a weekly pickup that routes leftovers to a shelter downtown. It taught me to make the first version much smaller than I wanted to.","The community I belonged to was the kitchen of my family's restaurant, and it took me a year to notice it had become one. We had almost nothing. One working laptop, a whiteboard somebody had rescued from a skip, and a standing agreement that you cleaned up whether or not it was your mess. People stayed after to clean up without anyone organising it. The thing worth carrying over is that nobody there performed competence they did not have.","Dear Dr. Andersen,

Thank you for teaching me that I should write the thing down before I believe I understand it. You told me once, fairly bluntly, that I was hiding behind how much I had read. It was the most useful unkind thing anyone has said to me. I did not understand why it mattered until much later, when I caught myself doing it without deciding to.

— Devan","I built a screen reader plugin I shipped to roughly 60 users. Mostly Python and Postgres, with enough React to be dangerous. It taught me that a tool nobody trusts is worse than no tool, because it burns the next person's credibility too. I would like to get properly good at databases rather than superstitious about them.",I would talk about why my hometown has three names. It is the only thing I can talk about for ten minutes with no notes.,"CSCI 103, CSCI 270, ITP 259; part-time job ~12 hrs/week"
8/8/2026 12:29:44,beatriz.roy@usc.edu,6856079045,Beatriz Roy,Computer Science,Philosophy,2029,she/her/hers,Male,Asian,https://drive.google.com/open?id=11XPxR2mgbMCirG03RK2rH-QWovoACVxa,,Developer,"I care about the paperwork small nonprofits drown in, and I want to be precise about why rather than gesturing at it. The version of it I know best is narrow — one office, one process, maybe two hundred people affected — but I could see the whole shape of it from there. I ran a pilot with one classroom before asking the district for anything. I was wrong about which part would be hard, and I was wrong in the direction of thinking the code mattered most. I learned to build the boring, durable version rather than the impressive one, because I would not be there in a year.","A 6am swim squad nobody else wanted to join taught me that belonging is built out of logistics more than sentiment. The whole thing ran on Sunday evenings, which meant everyone there had chosen it over something easier. It was the first place where being confused out loud was normal. What I would bring to CTC is the unglamorous maintenance that keeps a community alive: the reminder message, the booked room, the noticing that somebody has gone quiet.","Dear Coach Serrano,

Thank you for teaching me that a wrong answer said out loud is worth more than a right one kept quiet. You told me once, fairly bluntly, that I was hiding behind how much I had read. It was the most useful unkind thing anyone has said to me. I think about it more than almost anything else I was formally taught, and I have started passing it on badly, which I am told is how these things travel. I hope you are still doing it for whoever came after me.

— Beatriz","I built a parser for a niche scientific file format, now with eight regular bug reporters. Mostly Python and Postgres, with enough React to be dangerous. It taught me that a tool nobody trusts is worse than no tool, because it burns the next person's credibility too. I want to learn how to scope a project so it can ship in a semester.","I would talk about the correct way to argue about tipping. I want an excuse to finally make the slides. I would keep it to four minutes and take questions, because the questions are better than the talk.","WRIT 150, CSCI 356, CSCI 170; another club board position ~5 hrs/week"
8/8/2026 17:20:08,esther.nair@usc.edu,3316748971,Esther Nair,Electrical Engineering,Public Health,2029,she/her/hers,Female,Hispanic or Latino,https://drive.google.com/open?id=10irYQlTcS8hqCIq_3nRDf_Y4EyYf_2IX,,Developer,"I got interested in how hard it is to find mental health care through a job I took for the money and stayed in for other reasons. What made it stick was realising that everybody involved was competent and well-meaning and it still did not work, which meant the problem was structural rather than anybody's fault. I built a spreadsheet, then an actual tool, that matches donations to need. It taught me to make the first version much smaller than I wanted to.","A 6am swim squad nobody else wanted to join is the honest answer, even though it is not the impressive one. We had almost nothing. One working laptop, a whiteboard somebody had rescued from a skip, and a standing agreement that you cleaned up whether or not it was your mess. It was the first place where being confused out loud was normal. I would like to bring the part where the newest person is asked first.","Dear Dr. Andersen,

Thank you for teaching me that the person who asks the naive question is doing everyone a favour. The specific moment I keep returning to is the afternoon I handed in something I knew was mediocre, and instead of grading it you asked me what I would change if I had another week. I did not have an answer, which was the point. I did not understand why it mattered until much later, when I caught myself doing it without deciding to.

— Esther","I built a model predicting missed clinic appointments, so patients could be called the day before. TypeScript, a lot of SQL, and more shell scripting than I expected. The useful part was sitting with the people using it rather than asking them what they wanted in the abstract. I want to learn how to scope a project so it can ship in a semester.",I would talk about an eight-minute history of the shipping container. I have given a version of this at a dinner table and it worked.,"DSCI 351, EE 109, ITP 259, CSCI 356, MATH 407; club soccer ~6 hrs/week"
8/8/2026 18:03:50,sekou.haddad@usc.edu,5427478392,Sekou Haddad,Electrical Engineering,Human-Centered Design,2028,he/him/his,Female,White,https://drive.google.com/open?id=1YjZGKfn6lrrxhqG3tVz6y0fJuaH0HtUZ,,Developer,"The paperwork small nonprofits drown in is small compared to what people usually write about here, which is exactly why nobody had fixed it. I had assumed somebody upstream was handling it. Nobody was, and the reason nobody was is that it belonged to no single person's job description. I wrote a script that cut a four-hour manual process to about ten minutes. It taught me to make the first version much smaller than I wanted to.","A robotics team that met in a borrowed garage is the honest answer, even though it is not the impressive one. I joined because a friend dragged me and stayed because within a month three people had asked me to explain something and taken the answer seriously. It was the first place where being confused out loud was normal. The thing worth carrying over is that nobody there performed competence they did not have.","Dear Coach Reyes,

Thank you for teaching me that being the least experienced person in a room is a resource, not a liability. There was a week where I was clearly out of my depth and you neither rescued me nor let me drown, which I now understand took actual restraint. I did not understand why it mattered until much later, when I caught myself doing it without deciding to.

— Sekou","I built a parser for a niche scientific file format, now with eight regular bug reporters. Swift for the app, and a Raspberry Pi doing something it was not designed for. The useful part was sitting with the people using it rather than asking them what they wanted in the abstract. I want to learn how to scope a project so it can ship in a semester.",I would talk about how to sight-read music badly but confidently. It changed how I look at a city and I want to inflict that on other people.,"MATH 407, CSCI 104; another club board position ~5 hrs/week; marching band ~10 hrs/week"
8/8/2026 21:04:31,ingrid.diallo@usc.edu,3937201891,Ingrid Diallo,Political Science,Cinematic Arts,2028,they/them/theirs,Male,Hispanic or Latino,https://drive.google.com/open?id=1m_kkV2w2EFupMMb0Mz3pF0nRBr4KFBcd,,Designer,"The problem I keep coming back to is the way clinics schedule appointments, mostly because I watched it up close. I spent last summer working somewhere it was impossible to ignore, and the pattern was always the same: the people closest to it had known about it for years and had never been asked. I wrote a script that cut a four-hour manual process to about ten minutes. What I learned was that the technical part was never the hard part.","The overnight shift at a campus radio station is the honest answer, even though it is not the impressive one. The whole thing ran on Sunday evenings, which meant everyone there had chosen it over something easier. It was the first place where being confused out loud was normal. What I would bring into CTC is that habit of making the entry cost low.","Dear Dr. Zaman,

Thank you for teaching me that a wrong answer said out loud is worth more than a right one kept quiet. The specific moment I keep returning to is the afternoon I handed in something I knew was mediocre, and instead of grading it you asked me what I would change if I had another week. I did not have an answer, which was the point. I did not understand why it mattered until much later, when I caught myself doing it without deciding to.

— Ingrid","I built a browser extension that strips recommendation feeds, now used by about 2,000 people. Swift for the app, and a Raspberry Pi doing something it was not designed for. The lesson was about adoption, not analysis: the first version had a 30% false positive rate and people turned it off inside a week. I want to get better at systems design and at reading other people's code quickly.",I would talk about what actually happens when you flush on an aeroplane. It changed how I look at a city and I want to inflict that on other people.,"WRIT 150, MATH 226, CSCI 103, CSCI 360; research assistantship ~8 hrs/week"
8/9/2026 0:16:20,joon.costa@usc.edu,2556308699,Joon Costa,Neuroscience,Applied Analytics,2028,she/her/hers,Male,Asian,https://drive.google.com/open?id=1ZELrgNP1Xl1ir3fydED2O0e6WWOkYo5k,https://www.linkedin.com/in/jooncosta/,Product Manager,"The problem I keep coming back to is the cost of textbooks, mostly because I watched it up close. What made it stick was realising that everybody involved was competent and well-meaning and it still did not work, which meant the problem was structural rather than anybody's fault. I built a spreadsheet, then an actual tool, that matches donations to need. The lesson was that I should have asked the people doing the work before designing anything.","I found it in a Discord server for a game that died years ago, which is not where I expected to find it. The whole thing ran on Sunday evenings, which meant everyone there had chosen it over something easier. Nobody there cared what I was good at yet, only whether I showed up. I would like to bring the part where the newest person is asked first.","Dear Ms. Nair,

Thank you for teaching me how to disagree with someone without making it about them. You gave me a job that was slightly too hard on purpose and then made it obvious you were nearby. I have never had a better arrangement. I did not understand why it mattered until much later, when I caught myself doing it without deciding to.

— Joon","I built a browser extension that strips recommendation feeds, now used by about 2,000 people. Go for the service, Figma for the parts I should not have been trusted with. What surprised me was the maintenance cost; I had thought of shipping as the finish line. I am keen to work on something with real users and real consequences for once.",I would talk about the physics of why bad coffee tastes bad. It is the only thing I can talk about for ten minutes with no notes.,"EE 109, CSCI 104, CSCI 270; another club board position ~5 hrs/week; campus radio show ~2 hrs/week"
8/9/2026 0:57:37,malik.okonkwo@usc.edu,6042630540,Malik Okonkwo,Neuroscience,,2029,she/her/hers,Female,Hispanic or Latino,https://drive.google.com/open?id=12vrRLlSLZoidDrqNjNzx66KV8dBN6Eu1,https://www.linkedin.com/in/malikokonkwo/,Developer,Digital literacy for older adults is important to me. I want to keep working on things like this.,I felt like I belonged to the kitchen of my family's restaurant. I think CTC has that too.,"Dear Coach Bello,

Thank you for teaching me that being the least experienced person in a room is a resource, not a liability. It mattered to me.

— Malik","I built a browser extension that strips recommendation feeds, now used by about 2,000 people. I want to get better at systems design and at reading other people's code quickly.",I would talk about why the QWERTY story you have heard is wrong. It is interesting.,"MATH 226, MATH 225, CSCI 170, CSCI 103, CSCI 356; intramural volleyball ~3 hrs/week"
8/9/2026 1:09:41,sanaa.brandt@usc.edu,5249033643,Sanaa Brandt,Business Administration,Social Entrepreneurship,2030,she/her/hers,Male,Asian,https://drive.google.com/open?id=1BZ7e0Tqkt7noQ1Qo5cRQEjUCZKTYT2V_,,Developer,"The cost of textbooks is small compared to what people usually write about here, which is exactly why nobody had fixed it. It is the kind of problem that never becomes urgent enough to fix, so it just quietly costs people hours every week forever. I trained two other volunteers so it would survive me graduating. What I learned was that the technical part was never the hard part.","The community I belonged to was a 6am swim squad nobody else wanted to join, and it took me a year to notice it had become one. The whole thing ran on Sunday evenings, which meant everyone there had chosen it over something easier. It ran on a hundred small favours nobody kept score of. The thing worth carrying over is that nobody there performed competence they did not have.","Dear Mr. Reyes,

Thank you for teaching me that I was allowed to start things without permission. I remember you stopping a whole session because one person had not followed, and doing it in a way that made it obvious the fault was in the explanation rather than in them. I have tried to run every meeting I lead like that since. I did not understand why it mattered until much later, when I caught myself doing it without deciding to.

— Sanaa","I built a model predicting missed clinic appointments, so patients could be called the day before. Java and C++ from coursework, Python and Django for anything I choose myself. The useful part was sitting with the people using it rather than asking them what they wanted in the abstract. I would like to get properly good at databases rather than superstitious about them.",I would talk about an eight-minute history of the shipping container. It is the only thing I can talk about for ten minutes with no notes.,"ITP 259, CSCI 360, CSCI 103; campus radio show ~2 hrs/week; intramural volleyball ~3 hrs/week"
8/9/2026 3:57:23,clara.mansour2@usc.edu,9755834065,Clara Mansour,Cognitive Science,Occupational Science,2030,he/him/his,Female,Asian,https://drive.google.com/open?id=1ahSTAXwo82iG4tJH2ENiR29vATmdRTty,https://www.linkedin.com/in/claramansour/,Developer,I think language access at the county courthouse is a real problem. I want to keep working on things like this.,I felt like I belonged to my high school's stage crew. I think CTC has that too.,"Dear Coach Zaman,

Thank you for teaching me that the person who asks the naive question is doing everyone a favour. It mattered to me.

— Clara",I built a research assistantship cleaning sensor data nobody had documented. I would like to get properly good at databases rather than superstitious about them.,I would talk about why every restaurant menu is designed badly on purpose. It is interesting.,"CSCI 270, MATH 226, CSCI 103; tutoring ~4 hrs/week"
8/9/2026 4:51:26,esther.rahman@usc.edu,7638542180,Esther Rahman,Communication,Entrepreneurship,2029,he/him/his,Male,Asian,https://drive.google.com/open?id=1CRrn-Ksksa5Z10Q7Zbouna7O33zJiy6W,https://www.linkedin.com/in/estherrahman/,Developer,"The cost of textbooks is small compared to what people usually write about here, which is exactly why nobody had fixed it. What made it stick was realising that everybody involved was competent and well-meaning and it still did not work, which meant the problem was structural rather than anybody's fault. I trained two other volunteers so it would survive me graduating. I learned that a solution nobody adopts is worth less than no solution at all.","I found it in a debate circuit that travelled by van, which is not where I expected to find it. There was no hierarchy to speak of, which sounds idealistic and was mostly just practical: whoever knew how to do the thing did the thing, and taught the next person. The rule was that whoever knew the least got to ask first. What I would bring into CTC is that habit of making the entry cost low.","Dear Dr. Ellis,

Thank you for teaching me how to disagree with someone without making it about them. You gave me a job that was slightly too hard on purpose and then made it obvious you were nearby. I have never had a better arrangement. I did not understand why it mattered until much later, when I caught myself doing it without deciding to.

— Esther","I built a parser for a niche scientific file format, now with eight regular bug reporters. Go for the service, Figma for the parts I should not have been trusted with. I learned that the optimal schedule was the one everybody hated, because I had optimised for the wrong thing. I am eager to learn more about accessibility work and about testing that is actually worth maintaining.",I would talk about the correct way to argue about tipping. It is the only thing I can talk about for ten minutes with no notes.,"BUAD 304, MATH 226; part-time job ~12 hrs/week"
8/9/2026 5:05:57,santiago.nasser@usc.edu,1847656612,Santiago Nasser,Computer Science,Entrepreneurship,2028,he/him/his,Female,White,https://drive.google.com/open?id=1KGGyOEXFo2kCIUbWwlBorIszsf3HpMmn,https://www.linkedin.com/in/santiagonasser/,Developer,Something I care about is transit deserts near campus. It taught me to keep going.,I felt like I belonged to a robotics team that met in a borrowed garage. I think CTC has that too.,"Dear Mr. Volkov,

Thank you for teaching me that I was allowed to start things without permission. It mattered to me.

— Santiago","I built a model predicting missed clinic appointments, so patients could be called the day before. I want to get better at systems design and at reading other people's code quickly.",I would talk about why every restaurant menu is designed badly on purpose. It is interesting.,"MATH 407, CSCI 270, CSCI 201, MATH 225, CSCI 360; research assistantship ~8 hrs/week; club soccer ~6 hrs/week"
8/9/2026 6:34:09,idris.rahman@usc.edu,5158767212,Idris Rahman,Communication,,2030,she/her/hers,Female,Asian,https://drive.google.com/open?id=1KJILcRsaz6qovT1i7VkcFKkcgM9NONzH,,Developer,"I care about transit deserts near campus, and I want to be precise about why rather than gesturing at it. It is the kind of problem that never becomes urgent enough to fix, so it just quietly costs people hours every week forever. I built a spreadsheet, then an actual tool, that matches donations to need. The first version was worse than the spreadsheet it replaced, which was humbling and useful in roughly equal measure. The thing I got wrong was optimising for the outcome I could measure instead of the one that mattered.","I belonged to a debate circuit that travelled by van, and I have spent a while trying to work out what made it work so I could reproduce it. The whole thing ran on Sunday evenings, which meant everyone there had chosen it over something easier. It ran on a hundred small favours nobody kept score of. What I would bring to CTC is the unglamorous maintenance that keeps a community alive: the reminder message, the booked room, the noticing that somebody has gone quiet.","Dear Professor Iqbal,

Thank you for teaching me that I should write the thing down before I believe I understand it. You gave me a job that was slightly too hard on purpose and then made it obvious you were nearby. I have never had a better arrangement. I think about it more than almost anything else I was formally taught, and I have started passing it on badly, which I am told is how these things travel. Thank you for it. I am still working out how to do the same for somebody else without being insufferable about it.

— Idris","I built a research assistantship cleaning sensor data nobody had documented. Go for the service, Figma for the parts I should not have been trusted with. The lesson was about adoption, not analysis: the first version had a 30% false positive rate and people turned it off inside a week. I would like to get properly good at databases rather than superstitious about them.",I would talk about what actually happens when you flush on an aeroplane. I have given a version of this at a dinner table and it worked. There is a diagram involved and I think it gets an audible reaction.,"WRIT 150, CSCI 360; campus radio show ~2 hrs/week"
8/9/2026 7:00:14,noor.zhou@usc.edu,5525918757,Noor Zhou,Business Administration,Music Recording,2029,he/him/his,Female,Asian,https://drive.google.com/open?id=1aNoROOIABuQOlC1k9R5JpLIRx418eViR,,Developer,I think language access at the county courthouse is a real problem. It taught me to keep going.,I felt like I belonged to a church youth orchestra with no conductor. I want to bring that to the CTC family.,"Dear Mr. Reyes,

Thank you for teaching me that ""good enough, shipped"" beats ""perfect, someday"". It mattered to me.

— Noor",I built a screen reader plugin I shipped to roughly 60 users. I am keen to work on something with real users and real consequences for once.,I would talk about an eight-minute history of the shipping container. It is interesting.,"DSCI 351, CSCI 104; research assistantship ~8 hrs/week"
8/9/2026 8:47:36,chiara.khan@usc.edu,1620884982,Chiara Khan,Mechanical Engineering,Spanish,2027,he/him/his,Male,Asian,https://drive.google.com/open?id=1wuKsNUCF3-q6bI6JZ1e_-NsgnPYocOy-,https://www.linkedin.com/in/chiarakhan/,Product Manager,"I got interested in the cost of textbooks through a job I took for the money and stayed in for other reasons. I had assumed somebody upstream was handling it. Nobody was, and the reason nobody was is that it belonged to no single person's job description. I wrote a script that cut a four-hour manual process to about ten minutes. I learned that a solution nobody adopts is worth less than no solution at all.","A church youth orchestra with no conductor is the honest answer, even though it is not the impressive one. There was no hierarchy to speak of, which sounds idealistic and was mostly just practical: whoever knew how to do the thing did the thing, and taught the next person. We shared tools and, more importantly, shared credit. What I would bring into CTC is that habit of making the entry cost low.","Dear Dr. Andersen,

Thank you for teaching me that I was allowed to start things without permission. The specific moment I keep returning to is the afternoon I handed in something I knew was mediocre, and instead of grading it you asked me what I would change if I had another week. I did not have an answer, which was the point. I did not understand why it mattered until much later, when I caught myself doing it without deciding to.

— Chiara","I built a static analysis pass that flags database queries inside loops. Swift for the app, and a Raspberry Pi doing something it was not designed for. The useful part was sitting with the people using it rather than asking them what they wanted in the abstract. I want to get better at systems design and at reading other people's code quickly.","I would talk about how to read a subway map, and why almost every city gets it wrong. I want an excuse to finally make the slides.","CSCI 356, BUAD 304; part-time job ~12 hrs/week"
8/9/2026 10:58:48,adaeze.nakamura@usc.edu,1601826288,Adaeze Nakamura,"Economics, Mathematics",Public Health,2029,he/him/his,Male,Hispanic or Latino,https://drive.google.com/open?id=1uKMXI4swOUNVl3oXcVik_CNfVQJ_IGHX,,Developer,"The problem I keep coming back to is digital literacy for older adults, mostly because I watched it up close. I had assumed somebody upstream was handling it. Nobody was, and the reason nobody was is that it belonged to no single person's job description. I organised a workshop and eleven people came to the first one. It taught me to make the first version much smaller than I wanted to.","The community I belonged to was a 6am swim squad nobody else wanted to join, and it took me a year to notice it had become one. I joined because a friend dragged me and stayed because within a month three people had asked me to explain something and taken the answer seriously. We shared tools and, more importantly, shared credit. What I would bring into CTC is that habit of making the entry cost low.","Dear Professor Okonkwo,

Thank you for teaching me that the person who asks the naive question is doing everyone a favour. I remember you stopping a whole session because one person had not followed, and doing it in a way that made it obvious the fault was in the explanation rather than in them. I have tried to run every meeting I lead like that since. I did not understand why it mattered until much later, when I caught myself doing it without deciding to.

— Adaeze","I built a screen reader plugin I shipped to roughly 60 users. TypeScript, a lot of SQL, and more shell scripting than I expected. I learned that the optimal schedule was the one everybody hated, because I had optimised for the wrong thing. I want to learn how to scope a project so it can ship in a semester.",I would talk about how to sight-read music badly but confidently. Everyone thinks they already know this and nearly everyone is wrong.,"MATH 225, ITP 259, MATH 407, CSCI 201; intramural volleyball ~3 hrs/week; marching band ~10 hrs/week"
8/9/2026 14:25:00,isabel.diallo@usc.edu,2531046693,Isabel Diallo,Computer Science,Spanish,2030,he/him/his,Male,White,https://drive.google.com/open?id=1nb0-FiInlW57ksGMusnXzO1rc57CEc04,https://www.linkedin.com/in/isabeldiallo/,Product Manager,Something I care about is transit deserts near campus. It taught me to keep going.,I felt like I belonged to my high school's stage crew. I want to bring that to the CTC family.,"Dear Mr. Sokolov,

Thank you for teaching me that I should write the thing down before I believe I understand it. It mattered to me.

— Isabel","I built an inventory app for my family's restaurant, written in Django one summer. I am eager to learn more about accessibility work and about testing that is actually worth maintaining.",I would talk about how to sight-read music badly but confidently. It is interesting.,"CSCI 104, CSCI 170; part-time job ~12 hrs/week; campus radio show ~2 hrs/week"
8/9/2026 15:52:31,sekou.venkatesan@usc.edu,3099973417,Sekou Venkatesan,International Relations,Cinematic Arts,2027,she/her/hers,Female,Black or African American,https://drive.google.com/open?id=1wNH_-16DFkC4TUngK5EwADZ5S9RJdlZS,https://www.linkedin.com/in/sekouvenkatesan/,Developer,"Language access at the county courthouse is small compared to what people usually write about here, which is exactly why nobody had fixed it. It is the kind of problem that never becomes urgent enough to fix, so it just quietly costs people hours every week forever. I wrote a script that cut a four-hour manual process to about ten minutes. I learned that a solution nobody adopts is worth less than no solution at all.","The community I belonged to was a robotics team that met in a borrowed garage, and it took me a year to notice it had become one. People turned up for each other's unrelated stuff — recitals, matches, one memorably grim moving day — and that is the part I did not appreciate until it stopped. We shared tools and, more importantly, shared credit. I would like to bring the part where the newest person is asked first.","Dear Mr. Zhou,

Thank you for teaching me that I should write the thing down before I believe I understand it. The specific moment I keep returning to is the afternoon I handed in something I knew was mediocre, and instead of grading it you asked me what I would change if I had another week. I did not have an answer, which was the point. I did not understand why it mattered until much later, when I caught myself doing it without deciding to.

— Sekou","I built a scheduling tool for the volunteer tutoring programme I coordinate. Swift for the app, and a Raspberry Pi doing something it was not designed for. The lesson was about adoption, not analysis: the first version had a 30% false positive rate and people turned it off inside a week. I want to get better at systems design and at reading other people's code quickly.",I would talk about an eight-minute history of the shipping container. Everyone thinks they already know this and nearly everyone is wrong.,"PSYC 314, CSCI 201, WRIT 150; TA office hours ~6 hrs/week"
8/9/2026 17:04:47,valeria.almeida@usc.edu,5406443279,Valeria Almeida,"Economics, Mathematics",Philosophy,2027,he/him/his,Female,Hispanic or Latino,https://drive.google.com/open?id=1dMbv-CH-EiRDlCK8RXEhpf_iQGzj9aP_,,Developer,"I did not expect to care about how few girls stayed in my school's robotics club, and then I spent a summer close to it. It is the kind of problem that never becomes urgent enough to fix, so it just quietly costs people hours every week forever. I wrote a script that cut a four-hour manual process to about ten minutes. The lesson was that I should have asked the people doing the work before designing anything.","The overnight shift at a campus radio station is the honest answer, even though it is not the impressive one. I joined because a friend dragged me and stayed because within a month three people had asked me to explain something and taken the answer seriously. We shared tools and, more importantly, shared credit. What I would bring into CTC is that habit of making the entry cost low.","Dear Professor Kowalski,

Thank you for teaching me that I was allowed to start things without permission. You gave me a job that was slightly too hard on purpose and then made it obvious you were nearby. I have never had a better arrangement. I did not understand why it mattered until much later, when I caught myself doing it without deciding to.

— Valeria","I built a scheduling tool for the volunteer tutoring programme I coordinate. Java and C++ from coursework, Python and Django for anything I choose myself. I learned that the optimal schedule was the one everybody hated, because I had optimised for the wrong thing. I want to learn how to scope a project so it can ship in a semester.",I would talk about what actually happens when you flush on an aeroplane. It is the only thing I can talk about for ten minutes with no notes.,"WRIT 150, MATH 407, CSCI 201; tutoring ~4 hrs/week"
8/9/2026 18:56:37,levi.almeida@usc.edu,8487818670,Levi Almeida,Political Science,Human-Centered Design,2028,he/him/his,Female,Hispanic or Latino,https://drive.google.com/open?id=17lOcv29uLvxoKPFTm4xdF6F5hbIxN21H,https://www.linkedin.com/in/levialmeida/,Designer,Something I care about is digital literacy for older adults. I want to keep working on things like this.,The community I would pick is the kitchen of my family's restaurant. I want to bring that to the CTC family.,"Dear Ms. Farouk,

Thank you for teaching me that a wrong answer said out loud is worth more than a right one kept quiet. It mattered to me.

— Levi","I built a browser extension that strips recommendation feeds, now used by about 2,000 people. I want to learn how to scope a project so it can ship in a semester.",I would talk about the surprisingly bitter world of competitive crossword construction. It is interesting.,"MATH 225, CSCI 104, EE 109, WRIT 150; campus radio show ~2 hrs/week"
8/9/2026 23:00:49,thandiwe.roy@usc.edu,6711787953,Thandiwe Roy,Computer Science and Business Administration,,2030,she/her/hers,Female,White,https://drive.google.com/open?id=1q4CO0k1nAcoC2ZMriCtdOaevco8i0AeR,,Developer,"Language access at the county courthouse is small compared to what people usually write about here, which is exactly why nobody had fixed it. It is the kind of problem that never becomes urgent enough to fix, so it just quietly costs people hours every week forever. I trained two other volunteers so it would survive me graduating. What I learned was that the technical part was never the hard part.","The kitchen of my family's restaurant is the honest answer, even though it is not the impressive one. People turned up for each other's unrelated stuff — recitals, matches, one memorably grim moving day — and that is the part I did not appreciate until it stopped. Nobody there cared what I was good at yet, only whether I showed up. I would like to bring the part where the newest person is asked first.","Dear Professor Adeyemi,

Thank you for teaching me that I should write the thing down before I believe I understand it. I remember you stopping a whole session because one person had not followed, and doing it in a way that made it obvious the fault was in the explanation rather than in them. I have tried to run every meeting I lead like that since. I did not understand why it mattered until much later, when I caught myself doing it without deciding to.

— Thandiwe","I built an internship on a payments team, mostly writing migrations and tests. Mostly Python and Postgres, with enough React to be dangerous. I learned that the optimal schedule was the one everybody hated, because I had optimised for the wrong thing. I am keen to work on something with real users and real consequences for once.",I would talk about the correct way to argue about tipping. I have given a version of this at a dinner table and it worked.,"BUAD 304, CSCI 201, DSCI 351, CSCI 170, CSCI 356; campus radio show ~2 hrs/week"
8/10/2026 1:40:42,devan.fujimoto@usc.edu,6037173511,Devan Fujimoto,Data Science,Public Health,2027,he/him/his,Female,White,https://drive.google.com/open?id=1VTM74q2QT-XXZxTDsLxXcXQyuYhWefTL,,Developer,"I spent two years adjacent to language access at the county courthouse before I felt entitled to an opinion about it. I spent last summer working somewhere it was impossible to ignore, and the pattern was always the same: the people closest to it had known about it for years and had never been asked. I trained two other volunteers so it would survive me graduating. I was wrong about which part would be hard, and I was wrong in the direction of thinking the code mattered most. The thing I got wrong was optimising for the outcome I could measure instead of the one that mattered.","The community that shaped me most was my high school's stage crew, mostly because it was bad at hierarchy. We had almost nothing. One working laptop, a whiteboard somebody had rescued from a skip, and a standing agreement that you cleaned up whether or not it was your mess. People stayed after to clean up without anyone organising it. I would want to bring the norm that you can say you do not understand something in a room full of people nodding.","Dear Mr. Vargas,

Thank you for teaching me that the person who asks the naive question is doing everyone a favour. The specific moment I keep returning to is the afternoon I handed in something I knew was mediocre, and instead of grading it you asked me what I would change if I had another week. I did not have an answer, which was the point. I think about it more than almost anything else I was formally taught, and I have started passing it on badly, which I am told is how these things travel. I do not think you would remember any of this, which is sort of the point — it cost you very little and it rearranged how I work.

— Devan","I built a parser for a niche scientific file format, now with eight regular bug reporters. Java and C++ from coursework, Python and Django for anything I choose myself. The useful part was sitting with the people using it rather than asking them what they wanted in the abstract. I want to get better at systems design and at reading other people's code quickly.","I would talk about competitive dog agility, which I promise is a real sport. It is the only thing I can talk about for ten minutes with no notes. I would need about three slides and one prop, and I already own the prop.","MATH 407, BUAD 304; TA office hours ~6 hrs/week; part-time job ~12 hrs/week"
8/10/2026 2:06:30,noor.chaudhry@usc.edu,2297708232,Noor Chaudhry,"Computer Science, Linguistics",Music Recording,2030,he/him/his,Female,Asian,https://drive.google.com/open?id=1SGwm-6CzjoQHBpWVjQIbb_J7F62cNkS6,https://www.linkedin.com/in/noorchaudhry/,Developer,"I did not expect to care about food waste in dining halls, and then I spent a summer close to it. I spent last summer working somewhere it was impossible to ignore, and the pattern was always the same: the people closest to it had known about it for years and had never been asked. I built a spreadsheet, then an actual tool, that matches donations to need. The lesson was that I should have asked the people doing the work before designing anything.","A debate circuit that travelled by van is the honest answer, even though it is not the impressive one. The whole thing ran on Sunday evenings, which meant everyone there had chosen it over something easier. It was the first place where being confused out loud was normal. The thing worth carrying over is that nobody there performed competence they did not have.","Dear Coach Novak,

Thank you for teaching me that ""good enough, shipped"" beats ""perfect, someday"". The specific moment I keep returning to is the afternoon I handed in something I knew was mediocre, and instead of grading it you asked me what I would change if I had another week. I did not have an answer, which was the point. I did not understand why it mattered until much later, when I caught myself doing it without deciding to.

— Noor","I built an inventory app for my family's restaurant, written in Django one summer. TypeScript, a lot of SQL, and more shell scripting than I expected. What surprised me was the maintenance cost; I had thought of shipping as the finish line. I want to learn how to scope a project so it can ship in a semester.",I would talk about why every restaurant menu is designed badly on purpose. Everyone thinks they already know this and nearly everyone is wrong.,"CSCI 201, CSCI 356, CSCI 104, MATH 407, EE 109; tutoring ~4 hrs/week"
8/10/2026 3:37:33,rahul.okonkwo@usc.edu,1352150155,Rahul Okonkwo,Statistics,Computer Programming,2029,she/her/hers,Male,White,https://drive.google.com/open?id=1fzQE3W3PzdKuM37Lemg0IRuZGVwnZA2k,,Developer,"I care about how hard it is to find mental health care, and I want to be precise about why rather than gesturing at it. I had assumed somebody upstream was handling it. Nobody was, and the reason nobody was is that it belonged to no single person's job description. I interviewed fourteen people before I wrote a single line of code. The first version was worse than the spreadsheet it replaced, which was humbling and useful in roughly equal measure. What stayed with me is how much of the work was earning enough trust to be allowed to help.","A 6am swim squad nobody else wanted to join taught me that belonging is built out of logistics more than sentiment. There was no hierarchy to speak of, which sounds idealistic and was mostly just practical: whoever knew how to do the thing did the thing, and taught the next person. We shared tools and, more importantly, shared credit. I would want to bring the norm that you can say you do not understand something in a room full of people nodding.","Dear Coach Farouk,

Thank you for teaching me that I was allowed to start things without permission. There was a week where I was clearly out of my depth and you neither rescued me nor let me drown, which I now understand took actual restraint. I think about it more than almost anything else I was formally taught, and I have started passing it on badly, which I am told is how these things travel. I do not think you would remember any of this, which is sort of the point — it cost you very little and it rearranged how I work.

— Rahul","I built an internship on a payments team, mostly writing migrations and tests. Mostly Python and Postgres, with enough React to be dangerous. The useful part was sitting with the people using it rather than asking them what they wanted in the abstract. I am eager to learn more about accessibility work and about testing that is actually worth maintaining.","I would talk about why my hometown has three names. It changed how I look at a city and I want to inflict that on other people. It ends with a genuinely unresolved argument, which I think is a better ending than a conclusion.","CSCI 170, CSCI 360, CSCI 356; TA office hours ~6 hrs/week; campus radio show ~2 hrs/week"
8/10/2026 5:57:16,isabel.rahman@usc.edu,6193952445,Isabel Rahman,Economics,Entrepreneurship,2030,he/him/his,Male,Hispanic or Latino,,https://www.linkedin.com/in/isabelrahman/,Product Manager,"I got interested in food waste in dining halls through a job I took for the money and stayed in for other reasons. What made it stick was realising that everybody involved was competent and well-meaning and it still did not work, which meant the problem was structural rather than anybody's fault. I ran a pilot with one classroom before asking the district for anything. It taught me to make the first version much smaller than I wanted to.","I found it in the overnight shift at a campus radio station, which is not where I expected to find it. We had almost nothing. One working laptop, a whiteboard somebody had rescued from a skip, and a standing agreement that you cleaned up whether or not it was your mess. We shared tools and, more importantly, shared credit. I would like to bring the part where the newest person is asked first.","Dear Professor Zaman,

Thank you for teaching me how to disagree with someone without making it about them. The specific moment I keep returning to is the afternoon I handed in something I knew was mediocre, and instead of grading it you asked me what I would change if I had another week. I did not have an answer, which was the point. I did not understand why it mattered until much later, when I caught myself doing it without deciding to.

— Isabel","I built a screen reader plugin I shipped to roughly 60 users. Swift for the app, and a Raspberry Pi doing something it was not designed for. The lesson was about adoption, not analysis: the first version had a 30% false positive rate and people turned it off inside a week. I would like to get properly good at databases rather than superstitious about them.","I would talk about how to read a subway map, and why almost every city gets it wrong. It changed how I look at a city and I want to inflict that on other people.","CSCI 356, EE 109, CSCI 170; research assistantship ~8 hrs/week; marching band ~10 hrs/week"
8/10/2026 7:12:31,yuki.osei@usc.edu,2879006228,Yuki Osei,Applied and Computational Mathematics,Public Health,2028,she/her/hers,Female,Hispanic or Latino,https://drive.google.com/open?id=1SqaPNGiONzmZTtmcagX9LTCxN24As3kq,,Designer,"The problem I picked is e-waste from campus upgrades, which sounds minor until you count how many hours it costs the people carrying it. It is the kind of problem that never becomes urgent enough to fix, so it just quietly costs people hours every week forever. I built a spreadsheet, then an actual tool, that matches donations to need. The first version was worse than the spreadsheet it replaced, which was humbling and useful in roughly equal measure. What stayed with me is how much of the work was earning enough trust to be allowed to help.","A church youth orchestra with no conductor taught me that belonging is built out of logistics more than sentiment. People turned up for each other's unrelated stuff — recitals, matches, one memorably grim moving day — and that is the part I did not appreciate until it stopped. It was the first place where being confused out loud was normal. I would want to bring the norm that you can say you do not understand something in a room full of people nodding.","Dear Dr. Osei,

Thank you for teaching me that the person who asks the naive question is doing everyone a favour. You gave me a job that was slightly too hard on purpose and then made it obvious you were nearby. I have never had a better arrangement. I think about it more than almost anything else I was formally taught, and I have started passing it on badly, which I am told is how these things travel. I hope you are still doing it for whoever came after me.

— Yuki","I built an internship on a payments team, mostly writing migrations and tests. Java and C++ from coursework, Python and Django for anything I choose myself. The lesson was about adoption, not analysis: the first version had a 30% false positive rate and people turned it off inside a week. I want to learn how to scope a project so it can ship in a semester.",I would talk about an eight-minute history of the shipping container. Everyone thinks they already know this and nearly everyone is wrong. The best part is the bit where everyone realises they have been doing it wrong for years.,"ITP 259, MATH 226, DSCI 351, EE 109; intramural volleyball ~3 hrs/week; campus radio show ~2 hrs/week"
8/10/2026 8:43:59,ayaan.roy@usc.edu,4744628556,Ayaan Roy,Data Science,Human-Centered Design,2027,she/her/hers,Female,White,https://drive.google.com/open?id=10kSQPHzbG04FloN56i5zIfwmdyQqNjZe,https://www.linkedin.com/in/ayaanroy/,Developer,"The cost of textbooks is small compared to what people usually write about here, which is exactly why nobody had fixed it. I had assumed somebody upstream was handling it. Nobody was, and the reason nobody was is that it belonged to no single person's job description. I started a weekly pickup that routes leftovers to a shelter downtown. I learned that a solution nobody adopts is worth less than no solution at all.","A Discord server for a game that died years ago is the honest answer, even though it is not the impressive one. People turned up for each other's unrelated stuff — recitals, matches, one memorably grim moving day — and that is the part I did not appreciate until it stopped. People stayed after to clean up without anyone organising it. I would like to bring the part where the newest person is asked first.","Dear Coach Kowalski,

Thank you for teaching me that being the least experienced person in a room is a resource, not a liability. There was a week where I was clearly out of my depth and you neither rescued me nor let me drown, which I now understand took actual restraint. I did not understand why it mattered until much later, when I caught myself doing it without deciding to.

— Ayaan","I built a screen reader plugin I shipped to roughly 60 users. Swift for the app, and a Raspberry Pi doing something it was not designed for. It taught me that a tool nobody trusts is worse than no tool, because it burns the next person's credibility too. I want to get better at systems design and at reading other people's code quickly.",I would talk about the physics of why bad coffee tastes bad. I want an excuse to finally make the slides.,"DSCI 351, MATH 226; marching band ~10 hrs/week"
8/10/2026 9:17:21,ingrid.ferreira@usc.edu,6320373824,Ingrid Ferreira,Applied and Computational Mathematics,Social Entrepreneurship,2029,he/him/his,Female,Prefer not to say,https://drive.google.com/open?id=1PPlaPGq72cQNbiUYvbnVb0JiYLUAUo7U,,Designer,"I got interested in unclaimed produce at the farmers market through a job I took for the money and stayed in for other reasons. The version of it I know best is narrow — one office, one process, maybe two hundred people affected — but I could see the whole shape of it from there. I trained two other volunteers so it would survive me graduating. I learned that a solution nobody adopts is worth less than no solution at all.","I found it in the kitchen of my family's restaurant, which is not where I expected to find it. People turned up for each other's unrelated stuff — recitals, matches, one memorably grim moving day — and that is the part I did not appreciate until it stopped. It was the first place where being confused out loud was normal. The thing worth carrying over is that nobody there performed competence they did not have.","Dear Mr. Adeyemi,

Thank you for teaching me that a wrong answer said out loud is worth more than a right one kept quiet. The specific moment I keep returning to is the afternoon I handed in something I knew was mediocre, and instead of grading it you asked me what I would change if I had another week. I did not have an answer, which was the point. I did not understand why it mattered until much later, when I caught myself doing it without deciding to.

— Ingrid","I built a parser for a niche scientific file format, now with eight regular bug reporters. Swift for the app, and a Raspberry Pi doing something it was not designed for. It taught me that a tool nobody trusts is worse than no tool, because it burns the next person's credibility too. I would like to get properly good at databases rather than superstitious about them.",I would talk about why the QWERTY story you have heard is wrong. Everyone thinks they already know this and nearly everyone is wrong.,"DSCI 351, MATH 407, CSCI 104, WRIT 150; club soccer ~6 hrs/week; TA office hours ~6 hrs/week"
8/10/2026 10:31:40,niko.farouk@usc.edu,2079192117,Niko Farouk,Psychology,Philosophy,2029,they/them/theirs,Female,Hispanic or Latino,https://drive.google.com/open?id=1zxZfrc7ucAMQBlYE1SKs8_N5rKjDE4T8,https://www.linkedin.com/in/nikofarouk/,Designer,Something I care about is how few girls stayed in my school's robotics club. I want to keep working on things like this.,The community I would pick is the kitchen of my family's restaurant. I hope to bring that energy to CTC.,"Dear Ms. Okonkwo,

Thank you for teaching me that I was allowed to start things without permission. It mattered to me.

— Niko",I built a static analysis pass that flags database queries inside loops. I am eager to learn more about accessibility work and about testing that is actually worth maintaining.,I would talk about why my hometown has three names. It is interesting.,"MATH 407, CSCI 170; intramural volleyball ~3 hrs/week"
8/10/2026 10:52:01,arjun.fujimoto@usc.edu,9308306272,Arjun Fujimoto,Economics,Data Analytics,2029,she/her/hers,Prefer not to say,Asian,https://drive.google.com/open?id=1PSUblevg8TYTkNkILyvqhuv7AXgVMY9q,https://www.linkedin.com/in/arjunfujimoto/,Developer,"The problem I keep coming back to is food waste in dining halls, mostly because I watched it up close. What made it stick was realising that everybody involved was competent and well-meaning and it still did not work, which meant the problem was structural rather than anybody's fault. I ran a pilot with one classroom before asking the district for anything. It taught me to make the first version much smaller than I wanted to.","A robotics team that met in a borrowed garage is the honest answer, even though it is not the impressive one. We had almost nothing. One working laptop, a whiteboard somebody had rescued from a skip, and a standing agreement that you cleaned up whether or not it was your mess. It ran on a hundred small favours nobody kept score of. The thing worth carrying over is that nobody there performed competence they did not have.","Dear Coach Diallo,

Thank you for teaching me that being the least experienced person in a room is a resource, not a liability. There was a week where I was clearly out of my depth and you neither rescued me nor let me drown, which I now understand took actual restraint. I did not understand why it mattered until much later, when I caught myself doing it without deciding to.

— Arjun","I built a research assistantship cleaning sensor data nobody had documented. Mostly Python and Postgres, with enough React to be dangerous. It taught me that a tool nobody trusts is worse than no tool, because it burns the next person's credibility too. I am keen to work on something with real users and real consequences for once.",I would talk about the correct way to argue about tipping. It changed how I look at a city and I want to inflict that on other people.,"CSCI 360, ITP 259; marching band ~10 hrs/week"
8/10/2026 13:27:57,devan.marchetti@usc.edu,8665335035,Devan Marchetti,Statistics,,2029,she/her/hers,Female,Two or more races,https://drive.google.com/open?id=1PMnrsZUPpIA3OgeYJ-zO1GLxPnFOuLCP,https://www.linkedin.com/in/devanmarchetti/,Developer,"Digital literacy for older adults is small compared to what people usually write about here, which is exactly why nobody had fixed it. I had assumed somebody upstream was handling it. Nobody was, and the reason nobody was is that it belonged to no single person's job description. I started a weekly pickup that routes leftovers to a shelter downtown. I learned that a solution nobody adopts is worth less than no solution at all.","A mutual aid group that started as a group chat is the honest answer, even though it is not the impressive one. I joined because a friend dragged me and stayed because within a month three people had asked me to explain something and taken the answer seriously. The rule was that whoever knew the least got to ask first. The thing worth carrying over is that nobody there performed competence they did not have.","Dear Ms. Yilmaz,

Thank you for teaching me that I should write the thing down before I believe I understand it. You told me once, fairly bluntly, that I was hiding behind how much I had read. It was the most useful unkind thing anyone has said to me. I did not understand why it mattered until much later, when I caught myself doing it without deciding to.

— Devan","I built a model predicting missed clinic appointments, so patients could be called the day before. Mostly Python and Postgres, with enough React to be dangerous. The useful part was sitting with the people using it rather than asking them what they wanted in the abstract. I am eager to learn more about accessibility work and about testing that is actually worth maintaining.","I would talk about competitive dog agility, which I promise is a real sport. It is the only thing I can talk about for ten minutes with no notes.","CSCI 201, DSCI 351; another club board position ~5 hrs/week"
8/10/2026 16:29:26,bilal.nakamura@usc.edu,6843318898,Bilal Nakamura,Design,Design,2028,he/him/his,Prefer not to say,Black or African American,https://drive.google.com/open?id=1JIVsOfILWp3OvlVWGQIvI_ik_qOLLaQc,https://www.linkedin.com/in/bilalnakamura/,Designer,Language access at the county courthouse is important to me. I want to keep working on things like this.,I felt like I belonged to a mutual aid group that started as a group chat. I think CTC has that too.,"Dear Professor Nakamura,

Thank you for teaching me how to disagree with someone without making it about them. It mattered to me.

— Bilal","I built a parser for a niche scientific file format, now with eight regular bug reporters. I am eager to learn more about accessibility work and about testing that is actually worth maintaining.",I would talk about the surprisingly bitter world of competitive crossword construction. It is interesting.,"MATH 407, EE 109, CSCI 104; intramural volleyball ~3 hrs/week; another club board position ~5 hrs/week"
8/10/2026 17:47:29,beatriz.aziz@usc.edu,4025958836,Beatriz Aziz,Statistics,Cinematic Arts,2029,she/her/hers,Male,Asian,https://drive.google.com/open?id=19CGVt3UNKVWYyDq-QUJa-uP3bYIdpkba,https://www.linkedin.com/in/beatrizaziz/,Developer,"E-waste from campus upgrades is small compared to what people usually write about here, which is exactly why nobody had fixed it. I spent last summer working somewhere it was impossible to ignore, and the pattern was always the same: the people closest to it had known about it for years and had never been asked. I wrote a script that cut a four-hour manual process to about ten minutes. What I learned was that the technical part was never the hard part.","A Discord server for a game that died years ago is the honest answer, even though it is not the impressive one. We had almost nothing. One working laptop, a whiteboard somebody had rescued from a skip, and a standing agreement that you cleaned up whether or not it was your mess. Nobody there cared what I was good at yet, only whether I showed up. The thing worth carrying over is that nobody there performed competence they did not have.","Dear Mr. Reyes,

Thank you for teaching me that a wrong answer said out loud is worth more than a right one kept quiet. You gave me a job that was slightly too hard on purpose and then made it obvious you were nearby. I have never had a better arrangement. I did not understand why it mattered until much later, when I caught myself doing it without deciding to.

— Beatriz","I built a parser for a niche scientific file format, now with eight regular bug reporters. TypeScript, a lot of SQL, and more shell scripting than I expected. I learned that the optimal schedule was the one everybody hated, because I had optimised for the wrong thing. I am keen to work on something with real users and real consequences for once.",I would talk about an eight-minute history of the shipping container. I have given a version of this at a dinner table and it worked.,"CSCI 360, PSYC 314, EE 109, WRIT 150; intramural volleyball ~3 hrs/week"
8/10/2026 18:45:40,theo.mensah@usc.edu,3635687111,Théo Mensah,Cognitive Science,Computer Programming,2029,she/her/hers,Male,Asian,https://drive.google.com/open?id=1VZtdad4LzCRTcsgHEkk-SvFhA_812seg,,Designer,"Digital literacy for older adults is small compared to what people usually write about here, which is exactly why nobody had fixed it. I had assumed somebody upstream was handling it. Nobody was, and the reason nobody was is that it belonged to no single person's job description. I trained two other volunteers so it would survive me graduating. The lesson was that I should have asked the people doing the work before designing anything.","I found it in a debate circuit that travelled by van, which is not where I expected to find it. There was no hierarchy to speak of, which sounds idealistic and was mostly just practical: whoever knew how to do the thing did the thing, and taught the next person. It ran on a hundred small favours nobody kept score of. I would like to bring the part where the newest person is asked first.","Dear Mr. Chaudhry,

Thank you for teaching me that ""good enough, shipped"" beats ""perfect, someday"". The specific moment I keep returning to is the afternoon I handed in something I knew was mediocre, and instead of grading it you asked me what I would change if I had another week. I did not have an answer, which was the point. I did not understand why it mattered until much later, when I caught myself doing it without deciding to.

— Théo","I built a parser for a niche scientific file format, now with eight regular bug reporters. Mostly Python and Postgres, with enough React to be dangerous. It taught me that a tool nobody trusts is worse than no tool, because it burns the next person's credibility too. I want to learn how to scope a project so it can ship in a semester.",I would talk about why every restaurant menu is designed badly on purpose. It is the only thing I can talk about for ten minutes with no notes.,"CSCI 103, EE 109; tutoring ~4 hrs/week; marching band ~10 hrs/week"
8/10/2026 19:29:17,amina.venkatesan@usc.edu,5245083762,Amina Venkatesan,Physics,Cinematic Arts,2030,he/him/his,Female,Two or more races,https://drive.google.com/open?id=1I6BgEMVTdfzNpi7CijT7iQJNhNdOV4uR,,Developer,Something I care about is food waste in dining halls. It was a good experience overall.,The community I would pick is a mutual aid group that started as a group chat. I hope to bring that energy to CTC.,"Dear Dr. Novak,

Thank you for teaching me that a wrong answer said out loud is worth more than a right one kept quiet. It mattered to me.

— Amina",I built a research assistantship cleaning sensor data nobody had documented. I would like to get properly good at databases rather than superstitious about them.,I would talk about why my hometown has three names. It is interesting.,"CSCI 201, CSCI 270, WRIT 150; marching band ~10 hrs/week"
8/10/2026 21:05:30,saoirse.roy@usc.edu,3502489271,Saoirse Roy,Statistics,Spanish,2029,he/him/his,Male,Asian,https://drive.google.com/open?id=1bHSntXSq81lZe2c4MR59y5vOKfn84f9Q,,Developer,"The problem I keep coming back to is how few girls stayed in my school's robotics club, mostly because I watched it up close. The version of it I know best is narrow — one office, one process, maybe two hundred people affected — but I could see the whole shape of it from there. I wrote a script that cut a four-hour manual process to about ten minutes. The lesson was that I should have asked the people doing the work before designing anything.","I found it in a debate circuit that travelled by van, which is not where I expected to find it. People turned up for each other's unrelated stuff — recitals, matches, one memorably grim moving day — and that is the part I did not appreciate until it stopped. The rule was that whoever knew the least got to ask first. What I would bring into CTC is that habit of making the entry cost low.","Dear Professor Duarte,

Thank you for teaching me that ""good enough, shipped"" beats ""perfect, someday"". I remember you stopping a whole session because one person had not followed, and doing it in a way that made it obvious the fault was in the explanation rather than in them. I have tried to run every meeting I lead like that since. I did not understand why it mattered until much later, when I caught myself doing it without deciding to.

— Saoirse","I built a browser extension that strips recommendation feeds, now used by about 2,000 people. Mostly Python and Postgres, with enough React to be dangerous. What surprised me was the maintenance cost; I had thought of shipping as the finish line. I want to learn how to scope a project so it can ship in a semester.",I would talk about what actually happens when you flush on an aeroplane. It is the only thing I can talk about for ten minutes with no notes.,"CSCI 104, PSYC 314, ITP 259, CSCI 270, CSCI 170; TA office hours ~6 hrs/week; club soccer ~6 hrs/week"
8/10/2026 21:25:20,sven.aziz@usc.edu,1119335477,Sven Aziz,International Relations,Social Entrepreneurship,2029,she/her/hers,Male,Black or African American,https://drive.google.com/open?id=1a9UGjS7uq1f8l170gpNImWITpsyMaum_,https://www.linkedin.com/in/svenaziz/,Product Manager,The way clinics schedule appointments is important to me. It taught me to keep going.,My high school's stage crew was my community. I think CTC has that too.,"Dear Professor Silva,

Thank you for teaching me that ""good enough, shipped"" beats ""perfect, someday"". It mattered to me.

— Sven","I built a parser for a niche scientific file format, now with eight regular bug reporters. I am eager to learn more about accessibility work and about testing that is actually worth maintaining.",I would talk about an eight-minute history of the shipping container. It is interesting.,"CSCI 103, CSCI 104; marching band ~10 hrs/week"
8/10/2026 23:30:43,arjun.bourdon@usc.edu,6712307746,Arjun Bourdon,Statistics,,2029,he/him/his,Female,White,https://drive.google.com/open?id=1_0KzaQ6fSF-7dPAFdZYMVOOqlHPj3xFj,,Developer,"The problem I keep coming back to is the way clinics schedule appointments, mostly because I watched it up close. What made it stick was realising that everybody involved was competent and well-meaning and it still did not work, which meant the problem was structural rather than anybody's fault. I organised a workshop and eleven people came to the first one. It taught me to make the first version much smaller than I wanted to.","I found it in the kitchen of my family's restaurant, which is not where I expected to find it. I joined because a friend dragged me and stayed because within a month three people had asked me to explain something and taken the answer seriously. The rule was that whoever knew the least got to ask first. The thing worth carrying over is that nobody there performed competence they did not have.","Dear Ms. Farouk,

Thank you for teaching me that ""good enough, shipped"" beats ""perfect, someday"". You told me once, fairly bluntly, that I was hiding behind how much I had read. It was the most useful unkind thing anyone has said to me. I did not understand why it mattered until much later, when I caught myself doing it without deciding to.

— Arjun","I built a browser extension that strips recommendation feeds, now used by about 2,000 people. Java and C++ from coursework, Python and Django for anything I choose myself. The lesson was about adoption, not analysis: the first version had a 30% false positive rate and people turned it off inside a week. I want to learn how to scope a project so it can ship in a semester.","I would talk about how to fold a fitted sheet, performed live and with stakes. Everyone thinks they already know this and nearly everyone is wrong.","DSCI 351, CSCI 360, PSYC 314, CSCI 270; research assistantship ~8 hrs/week"
8/10/2026 23:50:11,oscar.odonnell@usc.edu,4414336763,Oscar O'Donnell,Communication,Design,2030,he/him/his,Male,Asian,,https://www.linkedin.com/in/oscarodonnell/,Designer,"How few girls stayed in my school's robotics club is small compared to what people usually write about here, which is exactly why nobody had fixed it. The version of it I know best is narrow — one office, one process, maybe two hundred people affected — but I could see the whole shape of it from there. I interviewed fourteen people before I wrote a single line of code. The lesson was that I should have asked the people doing the work before designing anything.","A robotics team that met in a borrowed garage is the honest answer, even though it is not the impressive one. There was no hierarchy to speak of, which sounds idealistic and was mostly just practical: whoever knew how to do the thing did the thing, and taught the next person. The rule was that whoever knew the least got to ask first. What I would bring into CTC is that habit of making the entry cost low.","Dear Coach Venkatesan,

Thank you for teaching me how to disagree with someone without making it about them. The specific moment I keep returning to is the afternoon I handed in something I knew was mediocre, and instead of grading it you asked me what I would change if I had another week. I did not have an answer, which was the point. I did not understand why it mattered until much later, when I caught myself doing it without deciding to.

— Oscar","I built a research assistantship cleaning sensor data nobody had documented. Swift for the app, and a Raspberry Pi doing something it was not designed for. The useful part was sitting with the people using it rather than asking them what they wanted in the abstract. I am eager to learn more about accessibility work and about testing that is actually worth maintaining.",I would talk about what actually happens when you flush on an aeroplane. It changed how I look at a city and I want to inflict that on other people.,"EE 109, MATH 225, MATH 407, CSCI 360; part-time job ~12 hrs/week; tutoring ~4 hrs/week"
8/11/2026 1:16:35,oscar.lindqvist@usc.edu,1630684590,Oscar Lindqvist,Neuroscience,Music Recording,2030,,Male,Asian,https://drive.google.com/open?id=13gJU0a51zT3GH6pJ51oNdWoVeLtIoo5s,https://www.linkedin.com/in/oscarlindqvist/,Developer,"I spent two years adjacent to transit deserts near campus before I felt entitled to an opinion about it. What made it stick was realising that everybody involved was competent and well-meaning and it still did not work, which meant the problem was structural rather than anybody's fault. I built a spreadsheet, then an actual tool, that matches donations to need. It saves them somewhere around five hours a week, which is not dramatic, but it is five hours a week that nobody has to argue for. I learned to build the boring, durable version rather than the impressive one, because I would not be there in a year.","The community that shaped me most was a mutual aid group that started as a group chat, mostly because it was bad at hierarchy. There was no hierarchy to speak of, which sounds idealistic and was mostly just practical: whoever knew how to do the thing did the thing, and taught the next person. The rule was that whoever knew the least got to ask first. I would want to bring the norm that you can say you do not understand something in a room full of people nodding.","Dear Mr. Vargas,

Thank you for teaching me that I was allowed to start things without permission. I remember you stopping a whole session because one person had not followed, and doing it in a way that made it obvious the fault was in the explanation rather than in them. I have tried to run every meeting I lead like that since. I think about it more than almost anything else I was formally taught, and I have started passing it on badly, which I am told is how these things travel. I have not told you any of this, so consider this the version I would say badly in person.

— Oscar","I built a model predicting missed clinic appointments, so patients could be called the day before. TypeScript, a lot of SQL, and more shell scripting than I expected. I learned that the optimal schedule was the one everybody hated, because I had optimised for the wrong thing. I would like to get properly good at databases rather than superstitious about them.","I would talk about the physics of why bad coffee tastes bad. It changed how I look at a city and I want to inflict that on other people. I would keep it to four minutes and take questions, because the questions are better than the talk.","CSCI 270, BUAD 304, WRIT 150; campus radio show ~2 hrs/week; part-time job ~12 hrs/week"
8/11/2026 3:58:43,mira.zhou@usc.edu,9511955240,Mira Zhou,International Relations,Computer Programming,2027,he/him/his,Male,White,https://drive.google.com/open?id=1JQSZNQ4XdkIT12UAjdrbFxvTubgNeraK,https://www.linkedin.com/in/mirazhou/,Product Manager,"I did not expect to care about how hard it is to find mental health care, and then I spent a summer close to it. I spent last summer working somewhere it was impossible to ignore, and the pattern was always the same: the people closest to it had known about it for years and had never been asked. I built a spreadsheet, then an actual tool, that matches donations to need. I learned that a solution nobody adopts is worth less than no solution at all.","I found it in a mutual aid group that started as a group chat, which is not where I expected to find it. There was no hierarchy to speak of, which sounds idealistic and was mostly just practical: whoever knew how to do the thing did the thing, and taught the next person. People stayed after to clean up without anyone organising it. The thing worth carrying over is that nobody there performed competence they did not have.","Dear Dr. Marchetti,

Thank you for teaching me how to disagree with someone without making it about them. You told me once, fairly bluntly, that I was hiding behind how much I had read. It was the most useful unkind thing anyone has said to me. I did not understand why it mattered until much later, when I caught myself doing it without deciding to.

— Mira","I built a screen reader plugin I shipped to roughly 60 users. Mostly Python and Postgres, with enough React to be dangerous. It taught me that a tool nobody trusts is worse than no tool, because it burns the next person's credibility too. I would like to get properly good at databases rather than superstitious about them.",I would talk about the correct way to argue about tipping. It is the only thing I can talk about for ten minutes with no notes.,"EE 109, CSCI 103; club soccer ~6 hrs/week"
8/11/2026 5:54:57,paloma.nasser@usc.edu,6362360274,Paloma Nasser,Applied and Computational Mathematics,,2030,she/her/hers,Female,Hispanic or Latino,https://drive.google.com/open?id=1JC6fQCr5CxaI25-i6Lfv_2huTrG9h5Dz,,Designer,"I spent two years adjacent to the cost of textbooks before I felt entitled to an opinion about it. The version of it I know best is narrow — one office, one process, maybe two hundred people affected — but I could see the whole shape of it from there. I ran a pilot with one classroom before asking the district for anything. Two people still run it now that I have handed it over, which matters more to me than anything about how it was built. What I learned is that the most consequential decision in a project like this is usually not a technical one.","The community that shaped me most was a church youth orchestra with no conductor, mostly because it was bad at hierarchy. People turned up for each other's unrelated stuff — recitals, matches, one memorably grim moving day — and that is the part I did not appreciate until it stopped. People stayed after to clean up without anyone organising it. I would want to bring the norm that you can say you do not understand something in a room full of people nodding.","Dear Coach Andersen,

Thank you for teaching me that the person who asks the naive question is doing everyone a favour. There was a week where I was clearly out of my depth and you neither rescued me nor let me drown, which I now understand took actual restraint. I think about it more than almost anything else I was formally taught, and I have started passing it on badly, which I am told is how these things travel. I have not told you any of this, so consider this the version I would say badly in person.

— Paloma","I built a scheduling tool for the volunteer tutoring programme I coordinate. Swift for the app, and a Raspberry Pi doing something it was not designed for. The useful part was sitting with the people using it rather than asking them what they wanted in the abstract. I would like to get properly good at databases rather than superstitious about them.","I would talk about why the QWERTY story you have heard is wrong. I want an excuse to finally make the slides. I would need about three slides and one prop, and I already own the prop.","ITP 259, CSCI 201, EE 109, CSCI 360; campus radio show ~2 hrs/week"
8/11/2026 7:00:09,ingrid.odonnell2@usc.edu,1399220081,Ingrid O'Donnell,Music Industry,Spanish,2029,they/them/theirs,Male,White,https://drive.google.com/open?id=1d6ssyS_YTjopEtejUU0s6ZVsF_XWxpZz,,Designer,I think how few girls stayed in my school's robotics club is a real problem. I learned a lot from it.,The overnight shift at a campus radio station was my community. I think CTC has that too.,"Dear Dr. Papadakis,

Thank you for teaching me that I was allowed to start things without permission. It mattered to me.

— Ingrid","I built a compiler for a small statically typed language, continued well past the course. I am keen to work on something with real users and real consequences for once.","I would talk about how to fold a fitted sheet, performed live and with stakes. It is interesting.","CSCI 170, CSCI 104, ITP 259, PSYC 314, CSCI 356; tutoring ~4 hrs/week"
8/11/2026 7:03:01,isabel.kowalski@usc.edu,9428489578,Isabel Kowalski,Biomedical Engineering,Mathematics,2029,she/they,Female,Hispanic or Latino,https://drive.google.com/open?id=1pNF0Mg94zpUueMpExn-u9o46fOG_4upz,,Developer,"The way clinics schedule appointments is small compared to what people usually write about here, which is exactly why nobody had fixed it. What made it stick was realising that everybody involved was competent and well-meaning and it still did not work, which meant the problem was structural rather than anybody's fault. I built a spreadsheet, then an actual tool, that matches donations to need. It taught me to make the first version much smaller than I wanted to.","I found it in a 6am swim squad nobody else wanted to join, which is not where I expected to find it. I joined because a friend dragged me and stayed because within a month three people had asked me to explain something and taken the answer seriously. The rule was that whoever knew the least got to ask first. I would like to bring the part where the newest person is asked first.","Dear Dr. Mabaso,

Thank you for teaching me that being the least experienced person in a room is a resource, not a liability. I remember you stopping a whole session because one person had not followed, and doing it in a way that made it obvious the fault was in the explanation rather than in them. I have tried to run every meeting I lead like that since. I did not understand why it mattered until much later, when I caught myself doing it without deciding to.

— Isabel","I built a screen reader plugin I shipped to roughly 60 users. Swift for the app, and a Raspberry Pi doing something it was not designed for. It taught me that a tool nobody trusts is worse than no tool, because it burns the next person's credibility too. I would like to get properly good at databases rather than superstitious about them.",I would talk about why the QWERTY story you have heard is wrong. I have given a version of this at a dinner table and it worked.,"CSCI 103, DSCI 351, CSCI 360; marching band ~10 hrs/week; TA office hours ~6 hrs/week"
8/11/2026 7:32:37,arjun.guerrero@usc.edu,3857109236,Arjun Guerrero,Physics,Public Health,2028,,Prefer not to say,White,https://drive.google.com/open?id=1YMLhy7062_4pn_va1e9V17_vvV60L6_y,,Product Manager,"I care about how few girls stayed in my school's robotics club, and I want to be precise about why rather than gesturing at it. I spent last summer working somewhere it was impossible to ignore, and the pattern was always the same: the people closest to it had known about it for years and had never been asked. I ran a pilot with one classroom before asking the district for anything. Two people still run it now that I have handed it over, which matters more to me than anything about how it was built. The thing I got wrong was optimising for the outcome I could measure instead of the one that mattered.","I belonged to a mutual aid group that started as a group chat, and I have spent a while trying to work out what made it work so I could reproduce it. We had almost nothing. One working laptop, a whiteboard somebody had rescued from a skip, and a standing agreement that you cleaned up whether or not it was your mess. It ran on a hundred small favours nobody kept score of. What I would bring to CTC is the unglamorous maintenance that keeps a community alive: the reminder message, the booked room, the noticing that somebody has gone quiet.","Dear Dr. Bourdon,

Thank you for teaching me that the person who asks the naive question is doing everyone a favour. There was a week where I was clearly out of my depth and you neither rescued me nor let me drown, which I now understand took actual restraint. I think about it more than almost anything else I was formally taught, and I have started passing it on badly, which I am told is how these things travel. I hope you are still doing it for whoever came after me.

— Arjun","I built a scheduling tool for the volunteer tutoring programme I coordinate. Go for the service, Figma for the parts I should not have been trusted with. What surprised me was the maintenance cost; I had thought of shipping as the finish line. I am keen to work on something with real users and real consequences for once.","I would talk about an eight-minute history of the shipping container. It is the only thing I can talk about for ten minutes with no notes. I would keep it to four minutes and take questions, because the questions are better than the talk.","WRIT 150, CSCI 270, DSCI 351, CSCI 104; research assistantship ~8 hrs/week"
8/11/2026 7:56:08,santiago.ferreira@usc.edu,8321167044,Santiago Ferreira,Design,,2030,they/them/theirs,Male,Black or African American,https://drive.google.com/open?id=1ayQo3-YkttVJZfRaQEApVgjnuiyXyFsr,,Developer,"The paperwork small nonprofits drown in is small compared to what people usually write about here, which is exactly why nobody had fixed it. I had assumed somebody upstream was handling it. Nobody was, and the reason nobody was is that it belonged to no single person's job description. I rebuilt their intake form so it stopped losing half the submissions. It taught me to make the first version much smaller than I wanted to.","A robotics team that met in a borrowed garage is the honest answer, even though it is not the impressive one. There was no hierarchy to speak of, which sounds idealistic and was mostly just practical: whoever knew how to do the thing did the thing, and taught the next person. Nobody there cared what I was good at yet, only whether I showed up. The thing worth carrying over is that nobody there performed competence they did not have.","Dear Dr. Bourdon,

Thank you for teaching me how to disagree with someone without making it about them. The specific moment I keep returning to is the afternoon I handed in something I knew was mediocre, and instead of grading it you asked me what I would change if I had another week. I did not have an answer, which was the point. I did not understand why it mattered until much later, when I caught myself doing it without deciding to.

— Santiago","I built a screen reader plugin I shipped to roughly 60 users. Swift for the app, and a Raspberry Pi doing something it was not designed for. What surprised me was the maintenance cost; I had thought of shipping as the finish line. I am keen to work on something with real users and real consequences for once.","I would talk about competitive dog agility, which I promise is a real sport. Everyone thinks they already know this and nearly everyone is wrong.","CSCI 270, CSCI 356, MATH 225, ITP 259, EE 109; research assistantship ~8 hrs/week; campus radio show ~2 hrs/week"
8/11/2026 8:07:33,felix.nwosu@usc.edu,6942544589,Felix Nwosu,Computer Engineering and Computer Science,Human-Centered Design,2029,she/her/hers,Female,White,https://drive.google.com/open?id=1CgvHfd-KI1N6lPJwtfsCbRHhJyDFtNrp,https://www.linkedin.com/in/felixnwosu/,Developer,"I got interested in how hard it is to find mental health care through a job I took for the money and stayed in for other reasons. It is the kind of problem that never becomes urgent enough to fix, so it just quietly costs people hours every week forever. I ran a pilot with one classroom before asking the district for anything. I learned that a solution nobody adopts is worth less than no solution at all.","The community I belonged to was the kitchen of my family's restaurant, and it took me a year to notice it had become one. People turned up for each other's unrelated stuff — recitals, matches, one memorably grim moving day — and that is the part I did not appreciate until it stopped. Nobody there cared what I was good at yet, only whether I showed up. I would like to bring the part where the newest person is asked first.","Dear Professor Nasser,

Thank you for teaching me that the person who asks the naive question is doing everyone a favour. The specific moment I keep returning to is the afternoon I handed in something I knew was mediocre, and instead of grading it you asked me what I would change if I had another week. I did not have an answer, which was the point. I did not understand why it mattered until much later, when I caught myself doing it without deciding to.

— Felix","I built a research assistantship cleaning sensor data nobody had documented. Go for the service, Figma for the parts I should not have been trusted with. It taught me that a tool nobody trusts is worse than no tool, because it burns the next person's credibility too. I am eager to learn more about accessibility work and about testing that is actually worth maintaining.",I would talk about the correct way to argue about tipping. I want an excuse to finally make the slides.,"CSCI 170, CSCI 360, MATH 226, WRIT 150, BUAD 304; research assistantship ~8 hrs/week"
8/11/2026 8:51:18,rania.fujimoto@usc.edu,1428617710,Rania Fujimoto,Applied and Computational Mathematics,Occupational Science,2029,she/her/hers,Female,White,https://drive.google.com/open?id=1Aq-IZGi0tVr4b5ooPk7OEkceHuWo6ulw,https://www.linkedin.com/in/raniafujimoto/,Designer,The problem I would pick is transit deserts near campus. It taught me to keep going.,I felt like I belonged to a community garden run entirely by retirees and me. I think CTC has that too.,"Dear Dr. Nair,

Thank you for teaching me that a wrong answer said out loud is worth more than a right one kept quiet. It mattered to me.

— Rania","I built a compiler for a small statically typed language, continued well past the course. I am keen to work on something with real users and real consequences for once.",I would talk about the correct way to argue about tipping. It is interesting.,"BUAD 304, MATH 407, PSYC 314, EE 109, CSCI 103; tutoring ~4 hrs/week"
8/11/2026 16:09:24,yara.chaudhry@usc.edu,8514989942,Yara Chaudhry,Economics,Entrepreneurship,2029,they/them/theirs,Female,Hispanic or Latino,https://drive.google.com/open?id=1iZiGkz2p4BsbrtP5RX2qJDCO3sIsMtn8,,Product Manager,"I got interested in how few girls stayed in my school's robotics club through a job I took for the money and stayed in for other reasons. I spent last summer working somewhere it was impossible to ignore, and the pattern was always the same: the people closest to it had known about it for years and had never been asked. I rebuilt their intake form so it stopped losing half the submissions. I learned that a solution nobody adopts is worth less than no solution at all.","My high school's stage crew is the honest answer, even though it is not the impressive one. People turned up for each other's unrelated stuff — recitals, matches, one memorably grim moving day — and that is the part I did not appreciate until it stopped. It ran on a hundred small favours nobody kept score of. What I would bring into CTC is that habit of making the entry cost low.","Dear Ms. Park,

Thank you for teaching me that the person who asks the naive question is doing everyone a favour. You gave me a job that was slightly too hard on purpose and then made it obvious you were nearby. I have never had a better arrangement. I did not understand why it mattered until much later, when I caught myself doing it without deciding to.

— Yara","I built a compiler for a small statically typed language, continued well past the course. Mostly Python and Postgres, with enough React to be dangerous. It taught me that a tool nobody trusts is worse than no tool, because it burns the next person's credibility too. I want to get better at systems design and at reading other people's code quickly.",I would talk about an eight-minute history of the shipping container. It changed how I look at a city and I want to inflict that on other people.,"CSCI 170, PSYC 314, WRIT 150; another club board position ~5 hrs/week; research assistantship ~8 hrs/week"
8/11/2026 16:44:48,yuki.chaudhry@usc.edu,7384284875,Yuki Chaudhry,Communication,Mathematics,2027,he/him/his,Female,Two or more races,https://drive.google.com/open?id=16ECdlmbq9be-VTGNGzoexfsHpGrjSbhK,https://www.linkedin.com/in/yukichaudhry/,Designer,"I got interested in the paperwork small nonprofits drown in through a job I took for the money and stayed in for other reasons. What made it stick was realising that everybody involved was competent and well-meaning and it still did not work, which meant the problem was structural rather than anybody's fault. I organised a workshop and eleven people came to the first one. I learned that a solution nobody adopts is worth less than no solution at all.","I found it in a mutual aid group that started as a group chat, which is not where I expected to find it. People turned up for each other's unrelated stuff — recitals, matches, one memorably grim moving day — and that is the part I did not appreciate until it stopped. People stayed after to clean up without anyone organising it. The thing worth carrying over is that nobody there performed competence they did not have.","Dear Dr. Fujimoto,

Thank you for teaching me that a wrong answer said out loud is worth more than a right one kept quiet. I remember you stopping a whole session because one person had not followed, and doing it in a way that made it obvious the fault was in the explanation rather than in them. I have tried to run every meeting I lead like that since. I did not understand why it mattered until much later, when I caught myself doing it without deciding to.

— Yuki","I built a parser for a niche scientific file format, now with eight regular bug reporters. Swift for the app, and a Raspberry Pi doing something it was not designed for. What surprised me was the maintenance cost; I had thought of shipping as the finish line. I am keen to work on something with real users and real consequences for once.",I would talk about the physics of why bad coffee tastes bad. I have given a version of this at a dinner table and it worked.,"CSCI 360, CSCI 170; campus radio show ~2 hrs/week"
8/11/2026 18:10:23,sven.cabrera@usc.edu,1403795136,Sven Cabrera,Economics,Computer Programming,2030,he/him/his,Female,Two or more races,https://drive.google.com/open?id=1jJQ9Ayi6HUK1A8blZyx85Q95toDpgLJY,https://www.linkedin.com/in/svencabrera/,Product Manager,I think how few girls stayed in my school's robotics club is a real problem. It was a good experience overall.,The community I would pick is a Discord server for a game that died years ago. I hope to bring that energy to CTC.,"Dear Coach Zaman,

Thank you for teaching me that I was allowed to start things without permission. It mattered to me.

— Sven",I built a screen reader plugin I shipped to roughly 60 users. I would like to get properly good at databases rather than superstitious about them.,I would talk about the correct way to argue about tipping. It is interesting.,"WRIT 150, CSCI 356, MATH 225, BUAD 304, EE 109; part-time job ~12 hrs/week"
8/11/2026 18:27:42,mateo.bourdon@usc.edu,1407526575,Mateo Bourdon,Applied and Computational Mathematics,Data Analytics,2030,he/him/his,Male,Hispanic or Latino,https://drive.google.com/open?id=1J81GvhMBT1hcZj1UT2MICjkllgK3Yy0F,,Developer,"I did not expect to care about the paperwork small nonprofits drown in, and then I spent a summer close to it. The version of it I know best is narrow — one office, one process, maybe two hundred people affected — but I could see the whole shape of it from there. I rebuilt their intake form so it stopped losing half the submissions. It taught me to make the first version much smaller than I wanted to.","The overnight shift at a campus radio station is the honest answer, even though it is not the impressive one. There was no hierarchy to speak of, which sounds idealistic and was mostly just practical: whoever knew how to do the thing did the thing, and taught the next person. People stayed after to clean up without anyone organising it. The thing worth carrying over is that nobody there performed competence they did not have.","Dear Dr. Nakamura,

Thank you for teaching me that the person who asks the naive question is doing everyone a favour. The specific moment I keep returning to is the afternoon I handed in something I knew was mediocre, and instead of grading it you asked me what I would change if I had another week. I did not have an answer, which was the point. I did not understand why it mattered until much later, when I caught myself doing it without deciding to.

— Mateo","I built a parser for a niche scientific file format, now with eight regular bug reporters. Swift for the app, and a Raspberry Pi doing something it was not designed for. I learned that the optimal schedule was the one everybody hated, because I had optimised for the wrong thing. I am keen to work on something with real users and real consequences for once.",I would talk about how to sight-read music badly but confidently. I want an excuse to finally make the slides.,"MATH 407, EE 109, CSCI 201, CSCI 356; another club board position ~5 hrs/week"
8/11/2026 19:35:40,andres.odonnell@usc.edu,4364962569,Andres O'Donnell,Biomedical Engineering,,2030,she/they,Prefer not to say,Middle Eastern or North African,https://drive.google.com/open?id=1wi_wOwPmbb25hauH0EKtb91t8mzMfmin,,Designer,"Transit deserts near campus is the problem I have actually done something about, so it is the one I will write about. What made it stick was realising that everybody involved was competent and well-meaning and it still did not work, which meant the problem was structural rather than anybody's fault. I organised a workshop and eleven people came to the first one. It took about six weeks before anyone used it without being asked, and that was the real milestone rather than the day it worked. What stayed with me is how much of the work was earning enough trust to be allowed to help.","A debate circuit that travelled by van taught me that belonging is built out of logistics more than sentiment. There was no hierarchy to speak of, which sounds idealistic and was mostly just practical: whoever knew how to do the thing did the thing, and taught the next person. Nobody there cared what I was good at yet, only whether I showed up. The thing I would carry in is that we lowered the bar to enter and raised it to stay, and both mattered.","Dear Professor Almeida,

Thank you for teaching me that I should write the thing down before I believe I understand it. There was a week where I was clearly out of my depth and you neither rescued me nor let me drown, which I now understand took actual restraint. I think about it more than almost anything else I was formally taught, and I have started passing it on badly, which I am told is how these things travel. I hope you are still doing it for whoever came after me.

— Andres","I built a model predicting missed clinic appointments, so patients could be called the day before. Java and C++ from coursework, Python and Django for anything I choose myself. I learned that the optimal schedule was the one everybody hated, because I had optimised for the wrong thing. I am eager to learn more about accessibility work and about testing that is actually worth maintaining.","I would talk about how to fold a fitted sheet, performed live and with stakes. I want an excuse to finally make the slides. The best part is the bit where everyone realises they have been doing it wrong for years.","CSCI 170, CSCI 356, CSCI 103, CSCI 270; research assistantship ~8 hrs/week; TA office hours ~6 hrs/week"
8/11/2026 20:09:59,rania.mwangi@usc.edu,4490779647,Rania Mwangi,Psychology,,2028,she/her/hers,Male,Asian,https://drive.google.com/open?id=10dznvA8m8qYJ4uKopZxP4mf7G1p_ChQ-,,Developer,"I did not expect to care about e-waste from campus upgrades, and then I spent a summer close to it. I had assumed somebody upstream was handling it. Nobody was, and the reason nobody was is that it belonged to no single person's job description. I started a weekly pickup that routes leftovers to a shelter downtown. What I learned was that the technical part was never the hard part.","I found it in the kitchen of my family's restaurant, which is not where I expected to find it. People turned up for each other's unrelated stuff — recitals, matches, one memorably grim moving day — and that is the part I did not appreciate until it stopped. The rule was that whoever knew the least got to ask first. What I would bring into CTC is that habit of making the entry cost low.","Dear Coach Yilmaz,

Thank you for teaching me that the person who asks the naive question is doing everyone a favour. You gave me a job that was slightly too hard on purpose and then made it obvious you were nearby. I have never had a better arrangement. I did not understand why it mattered until much later, when I caught myself doing it without deciding to.

— Rania","I built a browser extension that strips recommendation feeds, now used by about 2,000 people. TypeScript, a lot of SQL, and more shell scripting than I expected. What surprised me was the maintenance cost; I had thought of shipping as the finish line. I am eager to learn more about accessibility work and about testing that is actually worth maintaining.",I would talk about what actually happens when you flush on an aeroplane. I want an excuse to finally make the slides.,"CSCI 356, CSCI 103, CSCI 270, PSYC 314, BUAD 304; part-time job ~12 hrs/week; intramural volleyball ~3 hrs/week"
8/11/2026 20:27:12,mei.chaudhry@usc.edu,1823249048,Mei Chaudhry,Applied and Computational Mathematics,Design,2028,he/him/his,Prefer not to say,Asian,https://drive.google.com/open?id=1wAdMPvdbpDmMlnKsd64HS7Gw1fJ71YH-,,Designer,"The cost of textbooks is small compared to what people usually write about here, which is exactly why nobody had fixed it. What made it stick was realising that everybody involved was competent and well-meaning and it still did not work, which meant the problem was structural rather than anybody's fault. I ran a pilot with one classroom before asking the district for anything. What I learned was that the technical part was never the hard part.","The community I belonged to was a debate circuit that travelled by van, and it took me a year to notice it had become one. We had almost nothing. One working laptop, a whiteboard somebody had rescued from a skip, and a standing agreement that you cleaned up whether or not it was your mess. We shared tools and, more importantly, shared credit. The thing worth carrying over is that nobody there performed competence they did not have.","Dear Ms. Mensah,

Thank you for teaching me that being the least experienced person in a room is a resource, not a liability. There was a week where I was clearly out of my depth and you neither rescued me nor let me drown, which I now understand took actual restraint. I did not understand why it mattered until much later, when I caught myself doing it without deciding to.

— Mei","I built an internship on a payments team, mostly writing migrations and tests. Mostly Python and Postgres, with enough React to be dangerous. The lesson was about adoption, not analysis: the first version had a 30% false positive rate and people turned it off inside a week. I want to get better at systems design and at reading other people's code quickly.",I would talk about the surprisingly bitter world of competitive crossword construction. I want an excuse to finally make the slides.,"ITP 259, PSYC 314, CSCI 103; TA office hours ~6 hrs/week"
8/11/2026 20:59:34,diego.pereira@usc.edu,9320298053,Diego Pereira,Business Administration,Human-Centered Design,2029,she/her/hers,Female,Black or African American,https://drive.google.com/open?id=1eORxjX99eNqYC-r836bWzYqz_24vXWZV,https://www.linkedin.com/in/diegopereira/,Developer,I think the cost of textbooks is a real problem. I want to keep working on things like this.,I felt like I belonged to the kitchen of my family's restaurant. I think CTC has that too.,"Dear Ms. Chaudhry,

Thank you for teaching me that being the least experienced person in a room is a resource, not a liability. It mattered to me.

— Diego",I built a screen reader plugin I shipped to roughly 60 users. I would like to get properly good at databases rather than superstitious about them.,"I would talk about how to fold a fitted sheet, performed live and with stakes. It is interesting.","ITP 259, DSCI 351, CSCI 360, WRIT 150, PSYC 314; TA office hours ~6 hrs/week"
8/11/2026 23:20:39,ayaan.brandt@usc.edu,2182248685,Ayaan Brandt,Computer Science and Business Administration,,2028,he/him/his,Female,Hispanic or Latino,https://drive.google.com/open?id=1tNS19FWjNs8DSLf6LPx-ZKz9mNUuUdLl,,Product Manager,"The cost of textbooks is small compared to what people usually write about here, which is exactly why nobody had fixed it. It is the kind of problem that never becomes urgent enough to fix, so it just quietly costs people hours every week forever. I ran a pilot with one classroom before asking the district for anything. I learned that a solution nobody adopts is worth less than no solution at all.","I found it in a Discord server for a game that died years ago, which is not where I expected to find it. I joined because a friend dragged me and stayed because within a month three people had asked me to explain something and taken the answer seriously. The rule was that whoever knew the least got to ask first. The thing worth carrying over is that nobody there performed competence they did not have.","Dear Coach Vargas,

Thank you for teaching me that being the least experienced person in a room is a resource, not a liability. You gave me a job that was slightly too hard on purpose and then made it obvious you were nearby. I have never had a better arrangement. I did not understand why it mattered until much later, when I caught myself doing it without deciding to.

— Ayaan","I built a browser extension that strips recommendation feeds, now used by about 2,000 people. Mostly Python and Postgres, with enough React to be dangerous. The useful part was sitting with the people using it rather than asking them what they wanted in the abstract. I want to learn how to scope a project so it can ship in a semester.",I would talk about what actually happens when you flush on an aeroplane. It is the only thing I can talk about for ten minutes with no notes.,"DSCI 351, CSCI 360; TA office hours ~6 hrs/week"
8/12/2026 0:05:23,malik.nair@usc.edu,1132407004,Malik Nair,"Economics, Mathematics",Social Entrepreneurship,2028,he/him/his,Female,Asian,https://drive.google.com/open?id=1dtY8FIIcQM21gEna7-gYVwo85XK_EGEa,https://www.linkedin.com/in/maliknair/,Product Manager,"How volunteer tutoring gets matched is small compared to what people usually write about here, which is exactly why nobody had fixed it. What made it stick was realising that everybody involved was competent and well-meaning and it still did not work, which meant the problem was structural rather than anybody's fault. I started a weekly pickup that routes leftovers to a shelter downtown. I learned that a solution nobody adopts is worth less than no solution at all.","The community I belonged to was a Discord server for a game that died years ago, and it took me a year to notice it had become one. I joined because a friend dragged me and stayed because within a month three people had asked me to explain something and taken the answer seriously. It ran on a hundred small favours nobody kept score of. I would like to bring the part where the newest person is asked first.","Dear Coach Solberg,

Thank you for teaching me how to disagree with someone without making it about them. The specific moment I keep returning to is the afternoon I handed in something I knew was mediocre, and instead of grading it you asked me what I would change if I had another week. I did not have an answer, which was the point. I did not understand why it mattered until much later, when I caught myself doing it without deciding to.

— Malik","I built a model predicting missed clinic appointments, so patients could be called the day before. Go for the service, Figma for the parts I should not have been trusted with. The lesson was about adoption, not analysis: the first version had a 30% false positive rate and people turned it off inside a week. I am keen to work on something with real users and real consequences for once.","I would talk about how to read a subway map, and why almost every city gets it wrong. Everyone thinks they already know this and nearly everyone is wrong.","PSYC 314, CSCI 104; tutoring ~4 hrs/week"
8/12/2026 3:22:01,santiago.venkatesan@usc.edu,8683816702,Santiago Venkatesan,Music Industry,Entrepreneurship,2030,they/them/theirs,Male,White,https://drive.google.com/open?id=13fAoreLQ4M0_1YE0DQxlWUeGZ8Z5Nbis,https://www.linkedin.com/in/santiagovenkatesan/,Developer,"Unclaimed produce at the farmers market is small compared to what people usually write about here, which is exactly why nobody had fixed it. It is the kind of problem that never becomes urgent enough to fix, so it just quietly costs people hours every week forever. I wrote a script that cut a four-hour manual process to about ten minutes. What I learned was that the technical part was never the hard part.","I found it in a community garden run entirely by retirees and me, which is not where I expected to find it. There was no hierarchy to speak of, which sounds idealistic and was mostly just practical: whoever knew how to do the thing did the thing, and taught the next person. The rule was that whoever knew the least got to ask first. The thing worth carrying over is that nobody there performed competence they did not have.","Dear Mr. Mansour,

Thank you for teaching me that ""good enough, shipped"" beats ""perfect, someday"". The specific moment I keep returning to is the afternoon I handed in something I knew was mediocre, and instead of grading it you asked me what I would change if I had another week. I did not have an answer, which was the point. I did not understand why it mattered until much later, when I caught myself doing it without deciding to.

— Santiago","I built an internship on a payments team, mostly writing migrations and tests. Go for the service, Figma for the parts I should not have been trusted with. I learned that the optimal schedule was the one everybody hated, because I had optimised for the wrong thing. I want to get better at systems design and at reading other people's code quickly.",I would talk about an eight-minute history of the shipping container. I want an excuse to finally make the slides.,"MATH 407, CSCI 104; campus radio show ~2 hrs/week"
8/12/2026 4:43:11,devan.guerrero@usc.edu,5974864821,Devan Guerrero,Applied and Computational Mathematics,Cinematic Arts,2030,he/him/his,Male,Hispanic or Latino,https://drive.google.com/open?id=1Mln6p5XqyvPYwm-fyF55HTriE0bTbl3f,,Developer,"I did not expect to care about transit deserts near campus, and then I spent a summer close to it. The version of it I know best is narrow — one office, one process, maybe two hundred people affected — but I could see the whole shape of it from there. I interviewed fourteen people before I wrote a single line of code. It taught me to make the first version much smaller than I wanted to.","I found it in a community garden run entirely by retirees and me, which is not where I expected to find it. We had almost nothing. One working laptop, a whiteboard somebody had rescued from a skip, and a standing agreement that you cleaned up whether or not it was your mess. It ran on a hundred small favours nobody kept score of. The thing worth carrying over is that nobody there performed competence they did not have.","Dear Dr. Iqbal,

Thank you for teaching me that the person who asks the naive question is doing everyone a favour. You gave me a job that was slightly too hard on purpose and then made it obvious you were nearby. I have never had a better arrangement. I did not understand why it mattered until much later, when I caught myself doing it without deciding to.

— Devan","I built a parser for a niche scientific file format, now with eight regular bug reporters. Go for the service, Figma for the parts I should not have been trusted with. The useful part was sitting with the people using it rather than asking them what they wanted in the abstract. I want to learn how to scope a project so it can ship in a semester.","I would talk about how to fold a fitted sheet, performed live and with stakes. I have given a version of this at a dinner table and it worked.","CSCI 103, CSCI 270, MATH 226, BUAD 304; part-time job ~12 hrs/week"
8/12/2026 4:45:48,priya.nasser@usc.edu,1322607458,Priya Nasser,Computer Science,Applied Analytics,2029,he/him/his,Female,White,https://drive.google.com/open?id=156eZBHWirA8MGO_TXDfTppl2oGSPcHEW,,Product Manager,"I did not expect to care about food waste in dining halls, and then I spent a summer close to it. The version of it I know best is narrow — one office, one process, maybe two hundred people affected — but I could see the whole shape of it from there. I wrote a script that cut a four-hour manual process to about ten minutes. What I learned was that the technical part was never the hard part.","I found it in a church youth orchestra with no conductor, which is not where I expected to find it. There was no hierarchy to speak of, which sounds idealistic and was mostly just practical: whoever knew how to do the thing did the thing, and taught the next person. We shared tools and, more importantly, shared credit. What I would bring into CTC is that habit of making the entry cost low.","Dear Mr. Roy,

Thank you for teaching me that being the least experienced person in a room is a resource, not a liability. I remember you stopping a whole session because one person had not followed, and doing it in a way that made it obvious the fault was in the explanation rather than in them. I have tried to run every meeting I lead like that since. I did not understand why it mattered until much later, when I caught myself doing it without deciding to.

— Priya","I built a static analysis pass that flags database queries inside loops. Java and C++ from coursework, Python and Django for anything I choose myself. The useful part was sitting with the people using it rather than asking them what they wanted in the abstract. I am keen to work on something with real users and real consequences for once.",I would talk about the physics of why bad coffee tastes bad. It is the only thing I can talk about for ten minutes with no notes.,"CSCI 270, BUAD 304, CSCI 170, ITP 259, MATH 226; campus radio show ~2 hrs/week; TA office hours ~6 hrs/week"
8/12/2026 7:22:26,mei.halvorsen@usc.edu,2091543436,Mei Halvorsen,Business Administration,,2029,she/her/hers,Female,Asian,https://drive.google.com/open?id=1JFZmpXjXWdJsjuVgzzrW8C9OXOf6Gma0,https://www.linkedin.com/in/meihalvorsen/,Developer,"I did not expect to care about language access at the county courthouse, and then I spent a summer close to it. I spent last summer working somewhere it was impossible to ignore, and the pattern was always the same: the people closest to it had known about it for years and had never been asked. I built a spreadsheet, then an actual tool, that matches donations to need. What I learned was that the technical part was never the hard part.","The community I belonged to was a 6am swim squad nobody else wanted to join, and it took me a year to notice it had become one. I joined because a friend dragged me and stayed because within a month three people had asked me to explain something and taken the answer seriously. The rule was that whoever knew the least got to ask first. The thing worth carrying over is that nobody there performed competence they did not have.","Dear Mr. Chaudhry,

Thank you for teaching me that a wrong answer said out loud is worth more than a right one kept quiet. There was a week where I was clearly out of my depth and you neither rescued me nor let me drown, which I now understand took actual restraint. I did not understand why it mattered until much later, when I caught myself doing it without deciding to.

— Mei","I built a research assistantship cleaning sensor data nobody had documented. Java and C++ from coursework, Python and Django for anything I choose myself. What surprised me was the maintenance cost; I had thought of shipping as the finish line. I want to get better at systems design and at reading other people's code quickly.",I would talk about the physics of why bad coffee tastes bad. I have given a version of this at a dinner table and it worked.,"CSCI 104, MATH 226, CSCI 170, CSCI 270; marching band ~10 hrs/week; club soccer ~6 hrs/week"
8/12/2026 12:12:11,milan.nair@usc.edu,4577718924,Milan Nair,Political Science,Mathematics,2028,he/him/his,Female,Hispanic or Latino,https://drive.google.com/open?id=1z6Qd6PHzflq-fOm1TIWbnWsi9ua0_07R,,Product Manager,"The problem I picked is how volunteer tutoring gets matched, which sounds minor until you count how many hours it costs the people carrying it. What made it stick was realising that everybody involved was competent and well-meaning and it still did not work, which meant the problem was structural rather than anybody's fault. I wrote a script that cut a four-hour manual process to about ten minutes. Two people still run it now that I have handed it over, which matters more to me than anything about how it was built. The thing I got wrong was optimising for the outcome I could measure instead of the one that mattered.","The community that shaped me most was my high school's stage crew, mostly because it was bad at hierarchy. I joined because a friend dragged me and stayed because within a month three people had asked me to explain something and taken the answer seriously. It ran on a hundred small favours nobody kept score of. I would want to bring the norm that you can say you do not understand something in a room full of people nodding.","Dear Ms. Nwosu,

Thank you for teaching me how to disagree with someone without making it about them. You told me once, fairly bluntly, that I was hiding behind how much I had read. It was the most useful unkind thing anyone has said to me. I think about it more than almost anything else I was formally taught, and I have started passing it on badly, which I am told is how these things travel. Thank you for it. I am still working out how to do the same for somebody else without being insufferable about it.

— Milan","I built an internship on a payments team, mostly writing migrations and tests. Java and C++ from coursework, Python and Django for anything I choose myself. The lesson was about adoption, not analysis: the first version had a 30% false positive rate and people turned it off inside a week. I want to learn how to scope a project so it can ship in a semester.",I would talk about why my hometown has three names. I want an excuse to finally make the slides. There is a diagram involved and I think it gets an audible reaction.,"CSCI 360, BUAD 304; TA office hours ~6 hrs/week"
8/12/2026 12:57:32,zainab.zhou@usc.edu,8400043988,Zainab Zhou,Cognitive Science,Mathematics,2030,she/her/hers,Male,Black or African American,https://drive.google.com/open?id=1F0_MMtQGuXVA5q23zhHCIbY-YJPSTTmi,https://www.linkedin.com/in/zainabzhou/,Designer,I think transit deserts near campus is a real problem. It taught me to keep going.,I felt like I belonged to a 6am swim squad nobody else wanted to join. I want to bring that to the CTC family.,"Dear Ms. Nwosu,

Thank you for teaching me that I should write the thing down before I believe I understand it. It mattered to me.

— Zainab","I built a compiler for a small statically typed language, continued well past the course. I am keen to work on something with real users and real consequences for once.",I would talk about what actually happens when you flush on an aeroplane. It is interesting.,"CSCI 356, MATH 407, ITP 259, CSCI 103, BUAD 304; club soccer ~6 hrs/week"
8/12/2026 13:55:25,tariq.ibarra@usc.edu,1735028227,Tariq Ibarra,Data Science,,2028,he/him/his,Female,White,https://drive.google.com/open?id=1uYVUhttjb2i5XqXc_OFBFcw_Sv4m5bph,https://www.linkedin.com/in/tariqibarra/,Designer,"I spent two years adjacent to language access at the county courthouse before I felt entitled to an opinion about it. It is the kind of problem that never becomes urgent enough to fix, so it just quietly costs people hours every week forever. I ran a pilot with one classroom before asking the district for anything. Two people still run it now that I have handed it over, which matters more to me than anything about how it was built. What stayed with me is how much of the work was earning enough trust to be allowed to help.","The community that shaped me most was a mutual aid group that started as a group chat, mostly because it was bad at hierarchy. The whole thing ran on Sunday evenings, which meant everyone there had chosen it over something easier. The rule was that whoever knew the least got to ask first. What I would bring to CTC is the unglamorous maintenance that keeps a community alive: the reminder message, the booked room, the noticing that somebody has gone quiet.","Dear Ms. Ferreira,

Thank you for teaching me that ""good enough, shipped"" beats ""perfect, someday"". There was a week where I was clearly out of my depth and you neither rescued me nor let me drown, which I now understand took actual restraint. I think about it more than almost anything else I was formally taught, and I have started passing it on badly, which I am told is how these things travel. I do not think you would remember any of this, which is sort of the point — it cost you very little and it rearranged how I work.

— Tariq","I built a static analysis pass that flags database queries inside loops. Swift for the app, and a Raspberry Pi doing something it was not designed for. The lesson was about adoption, not analysis: the first version had a 30% false positive rate and people turned it off inside a week. I would like to get properly good at databases rather than superstitious about them.","I would talk about how to sight-read music badly but confidently. Everyone thinks they already know this and nearly everyone is wrong. It ends with a genuinely unresolved argument, which I think is a better ending than a conclusion.","BUAD 304, WRIT 150; tutoring ~4 hrs/week"
8/12/2026 14:03:18,omar.pereira@usc.edu,8819212321,Omar Pereira,Mechanical Engineering,Human-Centered Design,2027,he/him/his,Male,Black or African American,https://drive.google.com/open?id=1frkjFgbD9A72dhYAiMcXg7LZG42hcKxC,,Designer,I think digital literacy for older adults is a real problem. It was a good experience overall.,The community I would pick is a 6am swim squad nobody else wanted to join. I want to bring that to the CTC family.,"Dear Mr. Osei,

Thank you for teaching me that a wrong answer said out loud is worth more than a right one kept quiet. It mattered to me.

— Omar","I built a compiler for a small statically typed language, continued well past the course. I would like to get properly good at databases rather than superstitious about them.",I would talk about how to sight-read music badly but confidently. It is interesting.,"ITP 259, CSCI 360, DSCI 351, CSCI 356, BUAD 304; research assistantship ~8 hrs/week; tutoring ~4 hrs/week"
8/12/2026 14:50:39,arjun.duarte@usc.edu,6790938095,Arjun Duarte,Computer Science and Business Administration,Human-Centered Design,2027,he/him/his,Male,Asian,https://drive.google.com/open?id=1B06KaKGhg5Liu61c20-PebZDfnFxxpQw,https://www.linkedin.com/in/arjunduarte/,Designer,"I got interested in language access at the county courthouse through a job I took for the money and stayed in for other reasons. It is the kind of problem that never becomes urgent enough to fix, so it just quietly costs people hours every week forever. I trained two other volunteers so it would survive me graduating. The lesson was that I should have asked the people doing the work before designing anything.","I found it in a Discord server for a game that died years ago, which is not where I expected to find it. We had almost nothing. One working laptop, a whiteboard somebody had rescued from a skip, and a standing agreement that you cleaned up whether or not it was your mess. We shared tools and, more importantly, shared credit. What I would bring into CTC is that habit of making the entry cost low.","Dear Mr. Trần,

Thank you for teaching me that I should write the thing down before I believe I understand it. There was a week where I was clearly out of my depth and you neither rescued me nor let me drown, which I now understand took actual restraint. I did not understand why it mattered until much later, when I caught myself doing it without deciding to.

— Arjun","I built a model predicting missed clinic appointments, so patients could be called the day before. Swift for the app, and a Raspberry Pi doing something it was not designed for. The lesson was about adoption, not analysis: the first version had a 30% false positive rate and people turned it off inside a week. I want to get better at systems design and at reading other people's code quickly.",I would talk about how to sight-read music badly but confidently. It changed how I look at a city and I want to inflict that on other people.,"CSCI 103, ITP 259; club soccer ~6 hrs/week"
8/12/2026 15:40:51,malik.bergstrom@usc.edu,8937876355,Malik Bergström,Design,Spanish,2028,she/her/hers,Male,Middle Eastern or North African,https://drive.google.com/open?id=16UvXsk_hMOvRJmGWArHcJiq2mxixqooC,https://www.linkedin.com/in/malikbergstrm/,Product Manager,The way clinics schedule appointments is important to me. I want to keep working on things like this.,I felt like I belonged to the overnight shift at a campus radio station. I hope to bring that energy to CTC.,"Dear Coach Duarte,

Thank you for teaching me that being the least experienced person in a room is a resource, not a liability. It mattered to me.

— Malik","I built a browser extension that strips recommendation feeds, now used by about 2,000 people. I want to get better at systems design and at reading other people's code quickly.",I would talk about why my hometown has three names. It is interesting.,"CSCI 270, DSCI 351; intramural volleyball ~3 hrs/week"
8/12/2026 17:30:48,marta.petrova@usc.edu,5641906835,Marta Petrova,Economics,Public Health,2030,she/her/hers,Female,White,https://drive.google.com/open?id=1g6NjFQReng8wWfLvTUwcC09ZIt3G6XH2,,Developer,"I did not expect to care about unclaimed produce at the farmers market, and then I spent a summer close to it. I had assumed somebody upstream was handling it. Nobody was, and the reason nobody was is that it belonged to no single person's job description. I rebuilt their intake form so it stopped losing half the submissions. What I learned was that the technical part was never the hard part.","The community I belonged to was my high school's stage crew, and it took me a year to notice it had become one. I joined because a friend dragged me and stayed because within a month three people had asked me to explain something and taken the answer seriously. It was the first place where being confused out loud was normal. The thing worth carrying over is that nobody there performed competence they did not have.","Dear Ms. Mwangi,

Thank you for teaching me that I was allowed to start things without permission. There was a week where I was clearly out of my depth and you neither rescued me nor let me drown, which I now understand took actual restraint. I did not understand why it mattered until much later, when I caught myself doing it without deciding to.

— Marta","I built a parser for a niche scientific file format, now with eight regular bug reporters. Go for the service, Figma for the parts I should not have been trusted with. I learned that the optimal schedule was the one everybody hated, because I had optimised for the wrong thing. I would like to get properly good at databases rather than superstitious about them.",I would talk about the physics of why bad coffee tastes bad. I have given a version of this at a dinner table and it worked.,"CSCI 360, CSCI 104, CSCI 356; intramural volleyball ~3 hrs/week; club soccer ~6 hrs/week"
8/12/2026 17:35:20,sven.mabaso@usc.edu,9903798666,Sven Mabaso,Music Industry,,2028,she/her/hers,Male,Asian,https://drive.google.com/open?id=1_wsFld7oyQ9yvuuVdUIMB_SE4uXxa7Xp,https://www.linkedin.com/in/svenmabaso/,Product Manager,"The problem I keep coming back to is language access at the county courthouse, mostly because I watched it up close. What made it stick was realising that everybody involved was competent and well-meaning and it still did not work, which meant the problem was structural rather than anybody's fault. I interviewed fourteen people before I wrote a single line of code. The lesson was that I should have asked the people doing the work before designing anything.","The community I belonged to was my high school's stage crew, and it took me a year to notice it had become one. I joined because a friend dragged me and stayed because within a month three people had asked me to explain something and taken the answer seriously. It ran on a hundred small favours nobody kept score of. The thing worth carrying over is that nobody there performed competence they did not have.","Dear Coach Lindgren,

Thank you for teaching me that I was allowed to start things without permission. I remember you stopping a whole session because one person had not followed, and doing it in a way that made it obvious the fault was in the explanation rather than in them. I have tried to run every meeting I lead like that since. I did not understand why it mattered until much later, when I caught myself doing it without deciding to.

— Sven","I built a compiler for a small statically typed language, continued well past the course. Java and C++ from coursework, Python and Django for anything I choose myself. I learned that the optimal schedule was the one everybody hated, because I had optimised for the wrong thing. I want to get better at systems design and at reading other people's code quickly.",I would talk about why the QWERTY story you have heard is wrong. It changed how I look at a city and I want to inflict that on other people.,"CSCI 270, WRIT 150, BUAD 304, CSCI 103, ITP 259; marching band ~10 hrs/week; club soccer ~6 hrs/week"
8/12/2026 18:15:21,divya.ferreira@usc.edu,6903626704,Divya Ferreira,Cognitive Science,Mathematics,2029,she/her/hers,Male,Black or African American,https://drive.google.com/open?id=15NvVuucYLf6dEQ0zwOfhDA-MNIr1PujY,,Developer,"I got interested in unclaimed produce at the farmers market through a job I took for the money and stayed in for other reasons. I spent last summer working somewhere it was impossible to ignore, and the pattern was always the same: the people closest to it had known about it for years and had never been asked. I interviewed fourteen people before I wrote a single line of code. It taught me to make the first version much smaller than I wanted to.","A community garden run entirely by retirees and me is the honest answer, even though it is not the impressive one. The whole thing ran on Sunday evenings, which meant everyone there had chosen it over something easier. People stayed after to clean up without anyone organising it. I would like to bring the part where the newest person is asked first.","Dear Coach Papadakis,

Thank you for teaching me that ""good enough, shipped"" beats ""perfect, someday"". The specific moment I keep returning to is the afternoon I handed in something I knew was mediocre, and instead of grading it you asked me what I would change if I had another week. I did not have an answer, which was the point. I did not understand why it mattered until much later, when I caught myself doing it without deciding to.

— Divya","I built a compiler for a small statically typed language, continued well past the course. Swift for the app, and a Raspberry Pi doing something it was not designed for. The lesson was about adoption, not analysis: the first version had a 30% false positive rate and people turned it off inside a week. I am eager to learn more about accessibility work and about testing that is actually worth maintaining.",I would talk about the physics of why bad coffee tastes bad. It is the only thing I can talk about for ten minutes with no notes.,"WRIT 150, CSCI 201, CSCI 170, CSCI 270; another club board position ~5 hrs/week; club soccer ~6 hrs/week"
8/12/2026 20:28:52,dmitri.lindgren@usc.edu,4202900255,Dmitri Lindgren,Political Science,Cinematic Arts,2027,she/her/hers,Female,Asian,https://drive.google.com/open?id=14o__1luVkYfRscQAlggyUFpWJcuEmLnr,https://www.linkedin.com/in/dmitrilindgren/,Developer,"I care about language access at the county courthouse, and I want to be precise about why rather than gesturing at it. It is the kind of problem that never becomes urgent enough to fix, so it just quietly costs people hours every week forever. I wrote a script that cut a four-hour manual process to about ten minutes. The first version was worse than the spreadsheet it replaced, which was humbling and useful in roughly equal measure. What stayed with me is how much of the work was earning enough trust to be allowed to help.","A mutual aid group that started as a group chat taught me that belonging is built out of logistics more than sentiment. The whole thing ran on Sunday evenings, which meant everyone there had chosen it over something easier. Nobody there cared what I was good at yet, only whether I showed up. What I would bring to CTC is the unglamorous maintenance that keeps a community alive: the reminder message, the booked room, the noticing that somebody has gone quiet.","Dear Professor Molina,

Thank you for teaching me that I was allowed to start things without permission. You gave me a job that was slightly too hard on purpose and then made it obvious you were nearby. I have never had a better arrangement. I think about it more than almost anything else I was formally taught, and I have started passing it on badly, which I am told is how these things travel. I hope you are still doing it for whoever came after me.

— Dmitri","I built a model predicting missed clinic appointments, so patients could be called the day before. Go for the service, Figma for the parts I should not have been trusted with. The lesson was about adoption, not analysis: the first version had a 30% false positive rate and people turned it off inside a week. I want to get better at systems design and at reading other people's code quickly.","I would talk about why my hometown has three names. Everyone thinks they already know this and nearly everyone is wrong. I would keep it to four minutes and take questions, because the questions are better than the talk.","CSCI 170, ITP 259, PSYC 314; research assistantship ~8 hrs/week"
8/12/2026 21:19:28,esther.khan@usc.edu,6819849152,Esther Khan,Physics,Computer Programming,2028,she/her/hers,Female,Hispanic or Latino,https://drive.google.com/open?id=1Id0RpOeXL5RZM56ZxlzEZouukjbAHtMR,https://www.linkedin.com/in/estherkhan/,Developer,"The problem I keep coming back to is the cost of textbooks, mostly because I watched it up close. What made it stick was realising that everybody involved was competent and well-meaning and it still did not work, which meant the problem was structural rather than anybody's fault. I interviewed fourteen people before I wrote a single line of code. The lesson was that I should have asked the people doing the work before designing anything.","I found it in a 6am swim squad nobody else wanted to join, which is not where I expected to find it. People turned up for each other's unrelated stuff — recitals, matches, one memorably grim moving day — and that is the part I did not appreciate until it stopped. The rule was that whoever knew the least got to ask first. The thing worth carrying over is that nobody there performed competence they did not have.","Dear Mr. Nwosu,

Thank you for teaching me that I was allowed to start things without permission. I remember you stopping a whole session because one person had not followed, and doing it in a way that made it obvious the fault was in the explanation rather than in them. I have tried to run every meeting I lead like that since. I did not understand why it mattered until much later, when I caught myself doing it without deciding to.

— Esther","I built a compiler for a small statically typed language, continued well past the course. Mostly Python and Postgres, with enough React to be dangerous. It taught me that a tool nobody trusts is worse than no tool, because it burns the next person's credibility too. I am eager to learn more about accessibility work and about testing that is actually worth maintaining.",I would talk about an eight-minute history of the shipping container. Everyone thinks they already know this and nearly everyone is wrong.,"CSCI 104, CSCI 201, CSCI 270, ITP 259; TA office hours ~6 hrs/week; another club board position ~5 hrs/week"
8/12/2026 22:08:30,rafael.khan@usc.edu,6707058313,Rafael Khan,Communication,,2028,she/her/hers,Prefer not to say,Hispanic or Latino,https://drive.google.com/open?id=121NEHpNe_okrhlaOLeVf7di9U3ZVMNRj,https://www.linkedin.com/in/rafaelkhan/,Developer,"E-waste from campus upgrades is small compared to what people usually write about here, which is exactly why nobody had fixed it. The version of it I know best is narrow — one office, one process, maybe two hundred people affected — but I could see the whole shape of it from there. I trained two other volunteers so it would survive me graduating. It taught me to make the first version much smaller than I wanted to.","My high school's stage crew is the honest answer, even though it is not the impressive one. We had almost nothing. One working laptop, a whiteboard somebody had rescued from a skip, and a standing agreement that you cleaned up whether or not it was your mess. We shared tools and, more importantly, shared credit. What I would bring into CTC is that habit of making the entry cost low.","Dear Professor Cabrera,

Thank you for teaching me that I was allowed to start things without permission. You gave me a job that was slightly too hard on purpose and then made it obvious you were nearby. I have never had a better arrangement. I did not understand why it mattered until much later, when I caught myself doing it without deciding to.

— Rafael","I built a model predicting missed clinic appointments, so patients could be called the day before. Go for the service, Figma for the parts I should not have been trusted with. I learned that the optimal schedule was the one everybody hated, because I had optimised for the wrong thing. I want to learn how to scope a project so it can ship in a semester.",I would talk about why every restaurant menu is designed badly on purpose. I want an excuse to finally make the slides.,"CSCI 270, WRIT 150; club soccer ~6 hrs/week"
8/12/2026 22:31:23,tariq.mabaso@usc.edu,3915070878,Tariq Mabaso,Public Policy,Entrepreneurship,2028,he/him/his,Female,White,https://drive.google.com/open?id=14FgrzHFHWa5_U24M0i5UY-sSHjIv1a1v,,Developer,"I got interested in e-waste from campus upgrades through a job I took for the money and stayed in for other reasons. What made it stick was realising that everybody involved was competent and well-meaning and it still did not work, which meant the problem was structural rather than anybody's fault. I wrote a script that cut a four-hour manual process to about ten minutes. It taught me to make the first version much smaller than I wanted to.","A mutual aid group that started as a group chat is the honest answer, even though it is not the impressive one. There was no hierarchy to speak of, which sounds idealistic and was mostly just practical: whoever knew how to do the thing did the thing, and taught the next person. It ran on a hundred small favours nobody kept score of. The thing worth carrying over is that nobody there performed competence they did not have.","Dear Ms. Solberg,

Thank you for teaching me that ""good enough, shipped"" beats ""perfect, someday"". I remember you stopping a whole session because one person had not followed, and doing it in a way that made it obvious the fault was in the explanation rather than in them. I have tried to run every meeting I lead like that since. I did not understand why it mattered until much later, when I caught myself doing it without deciding to.

— Tariq","I built a browser extension that strips recommendation feeds, now used by about 2,000 people. Mostly Python and Postgres, with enough React to be dangerous. It taught me that a tool nobody trusts is worse than no tool, because it burns the next person's credibility too. I want to learn how to scope a project so it can ship in a semester.",I would talk about how to sight-read music badly but confidently. It changed how I look at a city and I want to inflict that on other people.,"MATH 226, EE 109, MATH 407, CSCI 104; club soccer ~6 hrs/week; research assistantship ~8 hrs/week"
8/12/2026 22:40:27,sofia.volkov@usc.edu,9580653523,Sofia Volkov,Cognitive Science,Cinematic Arts,2028,he/him/his,Female,Hispanic or Latino,https://drive.google.com/open?id=1CS33E1i2vUMABGUzAFcZg0a5iKdGneBP,,Designer,"How volunteer tutoring gets matched is the problem I have actually done something about, so it is the one I will write about. It is the kind of problem that never becomes urgent enough to fix, so it just quietly costs people hours every week forever. I organised a workshop and eleven people came to the first one. I was wrong about which part would be hard, and I was wrong in the direction of thinking the code mattered most. The thing I got wrong was optimising for the outcome I could measure instead of the one that mattered.","The community that shaped me most was a 6am swim squad nobody else wanted to join, mostly because it was bad at hierarchy. There was no hierarchy to speak of, which sounds idealistic and was mostly just practical: whoever knew how to do the thing did the thing, and taught the next person. The rule was that whoever knew the least got to ask first. The thing I would carry in is that we lowered the bar to enter and raised it to stay, and both mattered.","Dear Professor Mansour,

Thank you for teaching me that the person who asks the naive question is doing everyone a favour. You gave me a job that was slightly too hard on purpose and then made it obvious you were nearby. I have never had a better arrangement. I think about it more than almost anything else I was formally taught, and I have started passing it on badly, which I am told is how these things travel. I have not told you any of this, so consider this the version I would say badly in person.

— Sofia","I built a model predicting missed clinic appointments, so patients could be called the day before. TypeScript, a lot of SQL, and more shell scripting than I expected. I learned that the optimal schedule was the one everybody hated, because I had optimised for the wrong thing. I am eager to learn more about accessibility work and about testing that is actually worth maintaining.","I would talk about the correct way to argue about tipping. I have given a version of this at a dinner table and it worked. I would need about three slides and one prop, and I already own the prop.","MATH 226, PSYC 314, MATH 225, DSCI 351, BUAD 304; part-time job ~12 hrs/week"
8/12/2026 23:05:56,isabel.marchetti@usc.edu,8116266752,Isabel Marchetti,Statistics,Entrepreneurship,2030,he/him/his,Female,Asian,https://drive.google.com/open?id=10Xj7WLpGvppSppe5nbUzTn4VU1Yo_KhJ,,Product Manager,"How few girls stayed in my school's robotics club is small compared to what people usually write about here, which is exactly why nobody had fixed it. It is the kind of problem that never becomes urgent enough to fix, so it just quietly costs people hours every week forever. I organised a workshop and eleven people came to the first one. It taught me to make the first version much smaller than I wanted to.","A church youth orchestra with no conductor is the honest answer, even though it is not the impressive one. People turned up for each other's unrelated stuff — recitals, matches, one memorably grim moving day — and that is the part I did not appreciate until it stopped. It ran on a hundred small favours nobody kept score of. I would like to bring the part where the newest person is asked first.","Dear Coach Zhou,

Thank you for teaching me that a wrong answer said out loud is worth more than a right one kept quiet. You told me once, fairly bluntly, that I was hiding behind how much I had read. It was the most useful unkind thing anyone has said to me. I did not understand why it mattered until much later, when I caught myself doing it without deciding to.

— Isabel","I built a screen reader plugin I shipped to roughly 60 users. Swift for the app, and a Raspberry Pi doing something it was not designed for. I learned that the optimal schedule was the one everybody hated, because I had optimised for the wrong thing. I am eager to learn more about accessibility work and about testing that is actually worth maintaining.",I would talk about the surprisingly bitter world of competitive crossword construction. Everyone thinks they already know this and nearly everyone is wrong.,"CSCI 103, MATH 225, MATH 226, CSCI 104; campus radio show ~2 hrs/week"
8/12/2026 23:16:57,oscar.venkatesan@usc.edu,3497841531,Oscar Venkatesan,Economics,Philosophy,2028,he/him/his,Female,White,https://drive.google.com/open?id=1rQheZGfCLMFiTXZJ2vzNFLA9p6jfGIm6,https://www.linkedin.com/in/oscarvenkatesan/,Designer,"The problem I picked is transit deserts near campus, which sounds minor until you count how many hours it costs the people carrying it. I had assumed somebody upstream was handling it. Nobody was, and the reason nobody was is that it belonged to no single person's job description. I trained two other volunteers so it would survive me graduating. The first version was worse than the spreadsheet it replaced, which was humbling and useful in roughly equal measure. The thing I got wrong was optimising for the outcome I could measure instead of the one that mattered.","A 6am swim squad nobody else wanted to join taught me that belonging is built out of logistics more than sentiment. We had almost nothing. One working laptop, a whiteboard somebody had rescued from a skip, and a standing agreement that you cleaned up whether or not it was your mess. We shared tools and, more importantly, shared credit. What I would bring to CTC is the unglamorous maintenance that keeps a community alive: the reminder message, the booked room, the noticing that somebody has gone quiet.","Dear Coach Venkatesan,

Thank you for teaching me that I was allowed to start things without permission. I remember you stopping a whole session because one person had not followed, and doing it in a way that made it obvious the fault was in the explanation rather than in them. I have tried to run every meeting I lead like that since. I think about it more than almost anything else I was formally taught, and I have started passing it on badly, which I am told is how these things travel. I have not told you any of this, so consider this the version I would say badly in person.

— Oscar","I built a model predicting missed clinic appointments, so patients could be called the day before. TypeScript, a lot of SQL, and more shell scripting than I expected. The useful part was sitting with the people using it rather than asking them what they wanted in the abstract. I want to get better at systems design and at reading other people's code quickly.","I would talk about what actually happens when you flush on an aeroplane. It changed how I look at a city and I want to inflict that on other people. I would keep it to four minutes and take questions, because the questions are better than the talk.","MATH 407, CSCI 270, CSCI 356; club soccer ~6 hrs/week"
8/12/2026 23:17:19,ingrid.okonkwo@usc.edu,2534503551,Ingrid Okonkwo,Cognitive Science,Music Recording,2030,he/him/his,Female,White,https://drive.google.com/open?id=1vE5YKSy9bx_HZC0vL860fKcBa_3D28Dc,,Developer,"I got interested in the way clinics schedule appointments through a job I took for the money and stayed in for other reasons. I spent last summer working somewhere it was impossible to ignore, and the pattern was always the same: the people closest to it had known about it for years and had never been asked. I ran a pilot with one classroom before asking the district for anything. What I learned was that the technical part was never the hard part.","A mutual aid group that started as a group chat is the honest answer, even though it is not the impressive one. I joined because a friend dragged me and stayed because within a month three people had asked me to explain something and taken the answer seriously. It ran on a hundred small favours nobody kept score of. The thing worth carrying over is that nobody there performed competence they did not have.","Dear Coach Sadiq,

Thank you for teaching me that being the least experienced person in a room is a resource, not a liability. You gave me a job that was slightly too hard on purpose and then made it obvious you were nearby. I have never had a better arrangement. I did not understand why it mattered until much later, when I caught myself doing it without deciding to.

— Ingrid","I built a model predicting missed clinic appointments, so patients could be called the day before. Go for the service, Figma for the parts I should not have been trusted with. It taught me that a tool nobody trusts is worse than no tool, because it burns the next person's credibility too. I would like to get properly good at databases rather than superstitious about them.","I would talk about how to read a subway map, and why almost every city gets it wrong. I have given a version of this at a dinner table and it worked.","WRIT 150, CSCI 170, CSCI 103; club soccer ~6 hrs/week"
8/13/2026 1:00:08,lucas.zhou@usc.edu,5567059556,Lucas Zhou,Political Science,Entrepreneurship,2028,he/him/his,Male,Two or more races,https://drive.google.com/open?id=19JcITWDLDAycjYqWRToDKPn0kh65w_ZR,,Developer,I think how hard it is to find mental health care is a real problem. It was a good experience overall.,The community I would pick is the kitchen of my family's restaurant. I think CTC has that too.,"Dear Mr. Haddad,

Thank you for teaching me that ""good enough, shipped"" beats ""perfect, someday"". It mattered to me.

— Lucas","I built a compiler for a small statically typed language, continued well past the course. I want to get better at systems design and at reading other people's code quickly.",I would talk about an eight-minute history of the shipping container. It is interesting.,"WRIT 150, PSYC 314, CSCI 104; research assistantship ~8 hrs/week"
8/13/2026 1:23:01,arjun.nair@usc.edu,8655006173,Arjun Nair,Applied and Computational Mathematics,Data Analytics,2029,she/her/hers,Male,Asian,https://drive.google.com/open?id=1paOANrBsmrK-q417BRbZeH9-70_hvFBE,,Developer,"The problem I keep coming back to is language access at the county courthouse, mostly because I watched it up close. I spent last summer working somewhere it was impossible to ignore, and the pattern was always the same: the people closest to it had known about it for years and had never been asked. I organised a workshop and eleven people came to the first one. What I learned was that the technical part was never the hard part.","I found it in a Discord server for a game that died years ago, which is not where I expected to find it. People turned up for each other's unrelated stuff — recitals, matches, one memorably grim moving day — and that is the part I did not appreciate until it stopped. Nobody there cared what I was good at yet, only whether I showed up. The thing worth carrying over is that nobody there performed competence they did not have.","Dear Ms. Cabrera,

Thank you for teaching me that a wrong answer said out loud is worth more than a right one kept quiet. The specific moment I keep returning to is the afternoon I handed in something I knew was mediocre, and instead of grading it you asked me what I would change if I had another week. I did not have an answer, which was the point. I did not understand why it mattered until much later, when I caught myself doing it without deciding to.

— Arjun","I built an internship on a payments team, mostly writing migrations and tests. Java and C++ from coursework, Python and Django for anything I choose myself. The useful part was sitting with the people using it rather than asking them what they wanted in the abstract. I am eager to learn more about accessibility work and about testing that is actually worth maintaining.",I would talk about why the QWERTY story you have heard is wrong. Everyone thinks they already know this and nearly everyone is wrong.,"ITP 259, CSCI 170, DSCI 351; part-time job ~12 hrs/week"
8/13/2026 2:00:49,santiago.park@usc.edu,1582261989,Santiago Park,Design,Applied Analytics,2027,she/her/hers,Female,Asian,https://drive.google.com/open?id=1hPmE_lHffZH7RttZ6UnxAQS-y7en0he1,,Developer,"I got interested in e-waste from campus upgrades through a job I took for the money and stayed in for other reasons. What made it stick was realising that everybody involved was competent and well-meaning and it still did not work, which meant the problem was structural rather than anybody's fault. I rebuilt their intake form so it stopped losing half the submissions. I learned that a solution nobody adopts is worth less than no solution at all.","The community I belonged to was the kitchen of my family's restaurant, and it took me a year to notice it had become one. We had almost nothing. One working laptop, a whiteboard somebody had rescued from a skip, and a standing agreement that you cleaned up whether or not it was your mess. People stayed after to clean up without anyone organising it. What I would bring into CTC is that habit of making the entry cost low.","Dear Professor Lindqvist,

Thank you for teaching me that I should write the thing down before I believe I understand it. There was a week where I was clearly out of my depth and you neither rescued me nor let me drown, which I now understand took actual restraint. I did not understand why it mattered until much later, when I caught myself doing it without deciding to.

— Santiago","I built an internship on a payments team, mostly writing migrations and tests. Mostly Python and Postgres, with enough React to be dangerous. The lesson was about adoption, not analysis: the first version had a 30% false positive rate and people turned it off inside a week. I want to learn how to scope a project so it can ship in a semester.",I would talk about how to sight-read music badly but confidently. I have given a version of this at a dinner table and it worked.,"CSCI 103, CSCI 356; TA office hours ~6 hrs/week; intramural volleyball ~3 hrs/week"
8/13/2026 2:27:01,zainab.farouk@usc.edu,1071677354,Zainab Farouk,Computer Engineering and Computer Science,,2030,he/him/his,Female,Asian,https://drive.google.com/open?id=1E9cgu_H38E25q4ck7TeokQH1pjeMIQYe,,Developer,"I got interested in language access at the county courthouse through a job I took for the money and stayed in for other reasons. What made it stick was realising that everybody involved was competent and well-meaning and it still did not work, which meant the problem was structural rather than anybody's fault. I ran a pilot with one classroom before asking the district for anything. It taught me to make the first version much smaller than I wanted to.","A community garden run entirely by retirees and me is the honest answer, even though it is not the impressive one. I joined because a friend dragged me and stayed because within a month three people had asked me to explain something and taken the answer seriously. It ran on a hundred small favours nobody kept score of. What I would bring into CTC is that habit of making the entry cost low.","Dear Coach O'Donnell,

Thank you for teaching me that I was allowed to start things without permission. You gave me a job that was slightly too hard on purpose and then made it obvious you were nearby. I have never had a better arrangement. I did not understand why it mattered until much later, when I caught myself doing it without deciding to.

— Zainab","I built a static analysis pass that flags database queries inside loops. Java and C++ from coursework, Python and Django for anything I choose myself. The lesson was about adoption, not analysis: the first version had a 30% false positive rate and people turned it off inside a week. I am keen to work on something with real users and real consequences for once.","I would talk about how to read a subway map, and why almost every city gets it wrong. I have given a version of this at a dinner table and it worked.","CSCI 201, MATH 225; intramural volleyball ~3 hrs/week"
8/13/2026 3:29:07,diego.kowalski@usc.edu,6968050188,Diego Kowalski,"Economics, Mathematics",,2028,she/her/hers,Male,Middle Eastern or North African,https://drive.google.com/open?id=1i23ySKPi3AYN8P1wzQZANq4gUDo66ZeV,https://www.linkedin.com/in/diegokowalski/,Developer,"I spent two years adjacent to the way clinics schedule appointments before I felt entitled to an opinion about it. I spent last summer working somewhere it was impossible to ignore, and the pattern was always the same: the people closest to it had known about it for years and had never been asked. I wrote a script that cut a four-hour manual process to about ten minutes. I was wrong about which part would be hard, and I was wrong in the direction of thinking the code mattered most. The thing I got wrong was optimising for the outcome I could measure instead of the one that mattered.","I belonged to a Discord server for a game that died years ago, and I have spent a while trying to work out what made it work so I could reproduce it. The whole thing ran on Sunday evenings, which meant everyone there had chosen it over something easier. Nobody there cared what I was good at yet, only whether I showed up. What I would bring to CTC is the unglamorous maintenance that keeps a community alive: the reminder message, the booked room, the noticing that somebody has gone quiet.","Dear Dr. Trần,

Thank you for teaching me that ""good enough, shipped"" beats ""perfect, someday"". I remember you stopping a whole session because one person had not followed, and doing it in a way that made it obvious the fault was in the explanation rather than in them. I have tried to run every meeting I lead like that since. I think about it more than almost anything else I was formally taught, and I have started passing it on badly, which I am told is how these things travel. Thank you for it. I am still working out how to do the same for somebody else without being insufferable about it.

— Diego","I built a screen reader plugin I shipped to roughly 60 users. Swift for the app, and a Raspberry Pi doing something it was not designed for. What surprised me was the maintenance cost; I had thought of shipping as the finish line. I want to get better at systems design and at reading other people's code quickly.","I would talk about how to fold a fitted sheet, performed live and with stakes. Everyone thinks they already know this and nearly everyone is wrong. The best part is the bit where everyone realises they have been doing it wrong for years.","CSCI 104, WRIT 150, EE 109; campus radio show ~2 hrs/week"
8/13/2026 5:11:39,rafael.kowalski@usc.edu,4766870221,Rafael Kowalski,"Computer Science, Linguistics",Data Analytics,2028,he/him/his,Female,Hispanic or Latino,https://drive.google.com/open?id=1ypjWkpHi9hoWwum7cd-mmKtmZgl_6DSb,,Designer,"I did not expect to care about the cost of textbooks, and then I spent a summer close to it. It is the kind of problem that never becomes urgent enough to fix, so it just quietly costs people hours every week forever. I rebuilt their intake form so it stopped losing half the submissions. The lesson was that I should have asked the people doing the work before designing anything.","I found it in my high school's stage crew, which is not where I expected to find it. We had almost nothing. One working laptop, a whiteboard somebody had rescued from a skip, and a standing agreement that you cleaned up whether or not it was your mess. We shared tools and, more importantly, shared credit. What I would bring into CTC is that habit of making the entry cost low.","Dear Mr. Mansour,

Thank you for teaching me that being the least experienced person in a room is a resource, not a liability. There was a week where I was clearly out of my depth and you neither rescued me nor let me drown, which I now understand took actual restraint. I did not understand why it mattered until much later, when I caught myself doing it without deciding to.

— Rafael","I built a compiler for a small statically typed language, continued well past the course. Java and C++ from coursework, Python and Django for anything I choose myself. The useful part was sitting with the people using it rather than asking them what they wanted in the abstract. I am eager to learn more about accessibility work and about testing that is actually worth maintaining.",I would talk about the physics of why bad coffee tastes bad. It changed how I look at a city and I want to inflict that on other people.,"CSCI 270, CSCI 360, PSYC 314, DSCI 351, MATH 225; part-time job ~12 hrs/week"
8/13/2026 5:24:31,theo.farouk@usc.edu,4589954235,Théo Farouk,Environmental Studies,,2029,he/him/his,Female,Asian,https://drive.google.com/open?id=1VK7ELPIcKV18mVaCiDx5XEbLYvEvVZ0Z,https://www.linkedin.com/in/théofarouk/,Developer,How volunteer tutoring gets matched is important to me. It taught me to keep going.,The overnight shift at a campus radio station was my community. I think CTC has that too.,"Dear Mr. Cabrera,

Thank you for teaching me that a wrong answer said out loud is worth more than a right one kept quiet. It mattered to me.

— Théo","I built a browser extension that strips recommendation feeds, now used by about 2,000 people. I am eager to learn more about accessibility work and about testing that is actually worth maintaining.",I would talk about the surprisingly bitter world of competitive crossword construction. It is interesting.,"CSCI 360, MATH 407, CSCI 103; part-time job ~12 hrs/week"
8/13/2026 5:52:05,camila.odonnell@usc.edu,6564558826,Camila O'Donnell,Psychology,Mathematics,2029,he/him/his,Male,Hispanic or Latino,https://drive.google.com/open?id=1zuXxfk96eXWfgT7lj_5Wh92FpkEL5eTj,,Developer,"I got interested in unclaimed produce at the farmers market through a job I took for the money and stayed in for other reasons. I had assumed somebody upstream was handling it. Nobody was, and the reason nobody was is that it belonged to no single person's job description. I built a spreadsheet, then an actual tool, that matches donations to need. The lesson was that I should have asked the people doing the work before designing anything.","The community I belonged to was the overnight shift at a campus radio station, and it took me a year to notice it had become one. We had almost nothing. One working laptop, a whiteboard somebody had rescued from a skip, and a standing agreement that you cleaned up whether or not it was your mess. We shared tools and, more importantly, shared credit. I would like to bring the part where the newest person is asked first.","Dear Dr. Mansour,

Thank you for teaching me that being the least experienced person in a room is a resource, not a liability. I remember you stopping a whole session because one person had not followed, and doing it in a way that made it obvious the fault was in the explanation rather than in them. I have tried to run every meeting I lead like that since. I did not understand why it mattered until much later, when I caught myself doing it without deciding to.

— Camila","I built a screen reader plugin I shipped to roughly 60 users. Java and C++ from coursework, Python and Django for anything I choose myself. The lesson was about adoption, not analysis: the first version had a 30% false positive rate and people turned it off inside a week. I want to learn how to scope a project so it can ship in a semester.",I would talk about the correct way to argue about tipping. It is the only thing I can talk about for ten minutes with no notes.,"CSCI 270, DSCI 351, ITP 259; marching band ~10 hrs/week; part-time job ~12 hrs/week"
8/13/2026 8:00:58,lucas.duarte@usc.edu,3210921689,Lucas Duarte,"Economics, Mathematics",Philosophy,2027,she/her/hers,Prefer not to say,Hispanic or Latino,https://drive.google.com/open?id=1QGuteUXgfoOS0ES2HAOvhzEusWtXMfHb,,Developer,"The problem I keep coming back to is language access at the county courthouse, mostly because I watched it up close. It is the kind of problem that never becomes urgent enough to fix, so it just quietly costs people hours every week forever. I organised a workshop and eleven people came to the first one. I learned that a solution nobody adopts is worth less than no solution at all.","The community I belonged to was a debate circuit that travelled by van, and it took me a year to notice it had become one. There was no hierarchy to speak of, which sounds idealistic and was mostly just practical: whoever knew how to do the thing did the thing, and taught the next person. The rule was that whoever knew the least got to ask first. The thing worth carrying over is that nobody there performed competence they did not have.","Dear Dr. Duarte,

Thank you for teaching me that a wrong answer said out loud is worth more than a right one kept quiet. You told me once, fairly bluntly, that I was hiding behind how much I had read. It was the most useful unkind thing anyone has said to me. I did not understand why it mattered until much later, when I caught myself doing it without deciding to.

— Lucas","I built a model predicting missed clinic appointments, so patients could be called the day before. Mostly Python and Postgres, with enough React to be dangerous. What surprised me was the maintenance cost; I had thought of shipping as the finish line. I am keen to work on something with real users and real consequences for once.",I would talk about the physics of why bad coffee tastes bad. I want an excuse to finally make the slides.,"MATH 225, CSCI 201, MATH 407, CSCI 103; intramural volleyball ~3 hrs/week; part-time job ~12 hrs/week"
8/13/2026 8:22:47,ingrid.odonnell@usc.edu,7269306116,Ingrid O'Donnell,"Economics, Mathematics",Applied Analytics,2028,he/him/his,Prefer not to say,Hispanic or Latino,https://drive.google.com/open?id=1xAwNxzo5CGINjcxIuV3rebk6DU17OTAH,https://www.linkedin.com/in/ingridodonnell/,Designer,"I spent two years adjacent to the paperwork small nonprofits drown in before I felt entitled to an opinion about it. The version of it I know best is narrow — one office, one process, maybe two hundred people affected — but I could see the whole shape of it from there. I ran a pilot with one classroom before asking the district for anything. The first version was worse than the spreadsheet it replaced, which was humbling and useful in roughly equal measure. What I learned is that the most consequential decision in a project like this is usually not a technical one.","A Discord server for a game that died years ago taught me that belonging is built out of logistics more than sentiment. The whole thing ran on Sunday evenings, which meant everyone there had chosen it over something easier. It ran on a hundred small favours nobody kept score of. I would want to bring the norm that you can say you do not understand something in a room full of people nodding.","Dear Dr. Almeida,

Thank you for teaching me that I should write the thing down before I believe I understand it. The specific moment I keep returning to is the afternoon I handed in something I knew was mediocre, and instead of grading it you asked me what I would change if I had another week. I did not have an answer, which was the point. I think about it more than almost anything else I was formally taught, and I have started passing it on badly, which I am told is how these things travel. I hope you are still doing it for whoever came after me.

— Ingrid","I built a browser extension that strips recommendation feeds, now used by about 2,000 people. TypeScript, a lot of SQL, and more shell scripting than I expected. It taught me that a tool nobody trusts is worse than no tool, because it burns the next person's credibility too. I am eager to learn more about accessibility work and about testing that is actually worth maintaining.",I would talk about the correct way to argue about tipping. It is the only thing I can talk about for ten minutes with no notes. The best part is the bit where everyone realises they have been doing it wrong for years.,"MATH 226, CSCI 360, CSCI 170, EE 109; another club board position ~5 hrs/week; marching band ~10 hrs/week"
8/13/2026 8:31:39,lin.papadakis@usc.edu,2911426316,Lin Papadakis,Design,Human-Centered Design,2029,they/them/theirs,Female,Asian,https://drive.google.com/open?id=1FGFhRKzQVkHXVQc2yKrZ8xVfyq8c3FNw,,Developer,"I did not expect to care about how volunteer tutoring gets matched, and then I spent a summer close to it. The version of it I know best is narrow — one office, one process, maybe two hundred people affected — but I could see the whole shape of it from there. I built a spreadsheet, then an actual tool, that matches donations to need. I learned that a solution nobody adopts is worth less than no solution at all.","I found it in a 6am swim squad nobody else wanted to join, which is not where I expected to find it. The whole thing ran on Sunday evenings, which meant everyone there had chosen it over something easier. The rule was that whoever knew the least got to ask first. What I would bring into CTC is that habit of making the entry cost low.","Dear Dr. Yilmaz,

Thank you for teaching me how to disagree with someone without making it about them. You gave me a job that was slightly too hard on purpose and then made it obvious you were nearby. I have never had a better arrangement. I did not understand why it mattered until much later, when I caught myself doing it without deciding to.

— Lin","I built an inventory app for my family's restaurant, written in Django one summer. Swift for the app, and a Raspberry Pi doing something it was not designed for. It taught me that a tool nobody trusts is worse than no tool, because it burns the next person's credibility too. I want to get better at systems design and at reading other people's code quickly.",I would talk about the correct way to argue about tipping. It is the only thing I can talk about for ten minutes with no notes.,"DSCI 351, CSCI 103, PSYC 314, MATH 225, CSCI 170; marching band ~10 hrs/week"
8/13/2026 8:49:52,hana.khan@usc.edu,4437196824,Hana Khan,"Computer Science, Linguistics",Spanish,2028,he/him/his,Male,Hispanic or Latino,https://drive.google.com/open?id=1X4xl5RLYEazsrUxlI_qiG4DqnDgjJMnl,https://www.linkedin.com/in/hanakhan/,Developer,"I did not expect to care about how few girls stayed in my school's robotics club, and then I spent a summer close to it. What made it stick was realising that everybody involved was competent and well-meaning and it still did not work, which meant the problem was structural rather than anybody's fault. I interviewed fourteen people before I wrote a single line of code. What I learned was that the technical part was never the hard part.","I found it in a mutual aid group that started as a group chat, which is not where I expected to find it. The whole thing ran on Sunday evenings, which meant everyone there had chosen it over something easier. People stayed after to clean up without anyone organising it. I would like to bring the part where the newest person is asked first.","Dear Coach Lindgren,

Thank you for teaching me how to disagree with someone without making it about them. There was a week where I was clearly out of my depth and you neither rescued me nor let me drown, which I now understand took actual restraint. I did not understand why it mattered until much later, when I caught myself doing it without deciding to.

— Hana","I built a browser extension that strips recommendation feeds, now used by about 2,000 people. Swift for the app, and a Raspberry Pi doing something it was not designed for. The useful part was sitting with the people using it rather than asking them what they wanted in the abstract. I am eager to learn more about accessibility work and about testing that is actually worth maintaining.",I would talk about the correct way to argue about tipping. I want an excuse to finally make the slides.,"CSCI 104, WRIT 150; marching band ~10 hrs/week"
8/13/2026 12:10:30,theo.osei@usc.edu,9062096895,Théo Osei,Communication,Spanish,2029,he/him/his,Nonbinary,Hispanic or Latino,https://drive.google.com/open?id=1-LHe9Z8_yY6omv0iAR5rH63C7SdGzIvI,,Developer,"Language access at the county courthouse is the problem I have actually done something about, so it is the one I will write about. The version of it I know best is narrow — one office, one process, maybe two hundred people affected — but I could see the whole shape of it from there. I trained two other volunteers so it would survive me graduating. I was wrong about which part would be hard, and I was wrong in the direction of thinking the code mattered most. I learned to build the boring, durable version rather than the impressive one, because I would not be there in a year.","I belonged to a community garden run entirely by retirees and me, and I have spent a while trying to work out what made it work so I could reproduce it. People turned up for each other's unrelated stuff — recitals, matches, one memorably grim moving day — and that is the part I did not appreciate until it stopped. We shared tools and, more importantly, shared credit. The thing I would carry in is that we lowered the bar to enter and raised it to stay, and both mattered.","Dear Ms. Halvorsen,

Thank you for teaching me how to disagree with someone without making it about them. You told me once, fairly bluntly, that I was hiding behind how much I had read. It was the most useful unkind thing anyone has said to me. I think about it more than almost anything else I was formally taught, and I have started passing it on badly, which I am told is how these things travel. I have not told you any of this, so consider this the version I would say badly in person.

— Théo","I built an internship on a payments team, mostly writing migrations and tests. Mostly Python and Postgres, with enough React to be dangerous. What surprised me was the maintenance cost; I had thought of shipping as the finish line. I am eager to learn more about accessibility work and about testing that is actually worth maintaining.","I would talk about why my hometown has three names. It changed how I look at a city and I want to inflict that on other people. It ends with a genuinely unresolved argument, which I think is a better ending than a conclusion.","CSCI 360, MATH 225, CSCI 356; part-time job ~12 hrs/week"
8/13/2026 12:26:31,yuki.mwangi@usc.edu,2300086494,Yuki Mwangi,Music Industry,Applied Analytics,2030,he/him/his,Female,Hispanic or Latino,https://drive.google.com/open?id=1Q1K8LJRBiS8UtOmg_Thg-p_5sOs9RKgG,https://www.linkedin.com/in/yukimwangi/,Developer,"I care about transit deserts near campus, and I want to be precise about why rather than gesturing at it. I spent last summer working somewhere it was impossible to ignore, and the pattern was always the same: the people closest to it had known about it for years and had never been asked. I interviewed fourteen people before I wrote a single line of code. The first version was worse than the spreadsheet it replaced, which was humbling and useful in roughly equal measure. What I learned is that the most consequential decision in a project like this is usually not a technical one.","A 6am swim squad nobody else wanted to join taught me that belonging is built out of logistics more than sentiment. I joined because a friend dragged me and stayed because within a month three people had asked me to explain something and taken the answer seriously. We shared tools and, more importantly, shared credit. What I would bring to CTC is the unglamorous maintenance that keeps a community alive: the reminder message, the booked room, the noticing that somebody has gone quiet.","Dear Mr. Diallo,

Thank you for teaching me that a wrong answer said out loud is worth more than a right one kept quiet. You told me once, fairly bluntly, that I was hiding behind how much I had read. It was the most useful unkind thing anyone has said to me. I think about it more than almost anything else I was formally taught, and I have started passing it on badly, which I am told is how these things travel. I hope you are still doing it for whoever came after me.

— Yuki","I built a model predicting missed clinic appointments, so patients could be called the day before. Java and C++ from coursework, Python and Django for anything I choose myself. The lesson was about adoption, not analysis: the first version had a 30% false positive rate and people turned it off inside a week. I am eager to learn more about accessibility work and about testing that is actually worth maintaining.","I would talk about competitive dog agility, which I promise is a real sport. I want an excuse to finally make the slides. I would need about three slides and one prop, and I already own the prop.","ITP 259, MATH 226; part-time job ~12 hrs/week; marching band ~10 hrs/week"
8/13/2026 13:06:59,mei.beltran@usc.edu,7324930171,Mei Beltran,"Economics, Mathematics",Music Recording,2028,he/him/his,Male,Asian,https://drive.google.com/open?id=1uPZfQzFYSwIKQvlZ9pCV6GyXPOdXBl0r,https://www.linkedin.com/in/meibeltran/,Designer,"The problem I keep coming back to is unclaimed produce at the farmers market, mostly because I watched it up close. The version of it I know best is narrow — one office, one process, maybe two hundred people affected — but I could see the whole shape of it from there. I built a spreadsheet, then an actual tool, that matches donations to need. I learned that a solution nobody adopts is worth less than no solution at all.","I found it in the kitchen of my family's restaurant, which is not where I expected to find it. There was no hierarchy to speak of, which sounds idealistic and was mostly just practical: whoever knew how to do the thing did the thing, and taught the next person. It was the first place where being confused out loud was normal. What I would bring into CTC is that habit of making the entry cost low.","Dear Coach Petrova,

Thank you for teaching me that being the least experienced person in a room is a resource, not a liability. You told me once, fairly bluntly, that I was hiding behind how much I had read. It was the most useful unkind thing anyone has said to me. I did not understand why it mattered until much later, when I caught myself doing it without deciding to.

— Mei","I built a scheduling tool for the volunteer tutoring programme I coordinate. TypeScript, a lot of SQL, and more shell scripting than I expected. The lesson was about adoption, not analysis: the first version had a 30% false positive rate and people turned it off inside a week. I would like to get properly good at databases rather than superstitious about them.",I would talk about the surprisingly bitter world of competitive crossword construction. I want an excuse to finally make the slides.,"BUAD 304, WRIT 150; research assistantship ~8 hrs/week; campus radio show ~2 hrs/week"
8/13/2026 16:42:41,kwame.tanaka@usc.edu,4002828864,Kwame Tanaka,Environmental Studies,Cinematic Arts,2027,she/her/hers,Male,Two or more races,https://drive.google.com/open?id=1KciOGr9Vo-2nMGLQAuSd72n7zWoLFw3D,https://www.linkedin.com/in/kwametanaka/,Developer,"Food waste in dining halls is the problem I have actually done something about, so it is the one I will write about. I spent last summer working somewhere it was impossible to ignore, and the pattern was always the same: the people closest to it had known about it for years and had never been asked. I wrote a script that cut a four-hour manual process to about ten minutes. I was wrong about which part would be hard, and I was wrong in the direction of thinking the code mattered most. What I learned is that the most consequential decision in a project like this is usually not a technical one.","I belonged to the overnight shift at a campus radio station, and I have spent a while trying to work out what made it work so I could reproduce it. We had almost nothing. One working laptop, a whiteboard somebody had rescued from a skip, and a standing agreement that you cleaned up whether or not it was your mess. It was the first place where being confused out loud was normal. What I would bring to CTC is the unglamorous maintenance that keeps a community alive: the reminder message, the booked room, the noticing that somebody has gone quiet.","Dear Coach Ibarra,

Thank you for teaching me that being the least experienced person in a room is a resource, not a liability. The specific moment I keep returning to is the afternoon I handed in something I knew was mediocre, and instead of grading it you asked me what I would change if I had another week. I did not have an answer, which was the point. I think about it more than almost anything else I was formally taught, and I have started passing it on badly, which I am told is how these things travel. I do not think you would remember any of this, which is sort of the point — it cost you very little and it rearranged how I work.

— Kwame","I built a compiler for a small statically typed language, continued well past the course. Mostly Python and Postgres, with enough React to be dangerous. It taught me that a tool nobody trusts is worse than no tool, because it burns the next person's credibility too. I would like to get properly good at databases rather than superstitious about them.","I would talk about an eight-minute history of the shipping container. It changed how I look at a city and I want to inflict that on other people. I would need about three slides and one prop, and I already own the prop.","MATH 225, BUAD 304, CSCI 356, CSCI 270, CSCI 170; another club board position ~5 hrs/week"
8/13/2026 18:55:27,hassan.okonkwo@usc.edu,6448697462,Hassan Okonkwo,Communication,Music Recording,2029,she/her/hers,Female,Asian,https://drive.google.com/open?id=1yjtRoNzwiG3RPImzIgyGMdxTXiysloba,,Product Manager,"Food waste in dining halls is small compared to what people usually write about here, which is exactly why nobody had fixed it. The version of it I know best is narrow — one office, one process, maybe two hundred people affected — but I could see the whole shape of it from there. I built a spreadsheet, then an actual tool, that matches donations to need. What I learned was that the technical part was never the hard part.","The community I belonged to was the kitchen of my family's restaurant, and it took me a year to notice it had become one. We had almost nothing. One working laptop, a whiteboard somebody had rescued from a skip, and a standing agreement that you cleaned up whether or not it was your mess. People stayed after to clean up without anyone organising it. The thing worth carrying over is that nobody there performed competence they did not have.","Dear Dr. Mensah,

Thank you for teaching me that a wrong answer said out loud is worth more than a right one kept quiet. I remember you stopping a whole session because one person had not followed, and doing it in a way that made it obvious the fault was in the explanation rather than in them. I have tried to run every meeting I lead like that since. I did not understand why it mattered until much later, when I caught myself doing it without deciding to.

— Hassan","I built an internship on a payments team, mostly writing migrations and tests. TypeScript, a lot of SQL, and more shell scripting than I expected. The lesson was about adoption, not analysis: the first version had a 30% false positive rate and people turned it off inside a week. I would like to get properly good at databases rather than superstitious about them.","I would talk about how to read a subway map, and why almost every city gets it wrong. It is the only thing I can talk about for ten minutes with no notes.","CSCI 360, MATH 226, DSCI 351, CSCI 270; TA office hours ~6 hrs/week; part-time job ~12 hrs/week"
8/13/2026 20:28:49,chiara.yilmaz@usc.edu,1052174170,Chiara Yilmaz,"Computer Science, Linguistics",,2029,she/her/hers,Male,Middle Eastern or North African,https://drive.google.com/open?id=1IVHDkYxf3pApxbJRZKZLQWskRClspaZb,https://www.linkedin.com/in/chiarayilmaz/,Developer,"How volunteer tutoring gets matched is small compared to what people usually write about here, which is exactly why nobody had fixed it. It is the kind of problem that never becomes urgent enough to fix, so it just quietly costs people hours every week forever. I rebuilt their intake form so it stopped losing half the submissions. It taught me to make the first version much smaller than I wanted to.","A mutual aid group that started as a group chat is the honest answer, even though it is not the impressive one. We had almost nothing. One working laptop, a whiteboard somebody had rescued from a skip, and a standing agreement that you cleaned up whether or not it was your mess. It ran on a hundred small favours nobody kept score of. What I would bring into CTC is that habit of making the entry cost low.","Dear Dr. Mansour,

Thank you for teaching me that being the least experienced person in a room is a resource, not a liability. I remember you stopping a whole session because one person had not followed, and doing it in a way that made it obvious the fault was in the explanation rather than in them. I have tried to run every meeting I lead like that since. I did not understand why it mattered until much later, when I caught myself doing it without deciding to.

— Chiara","I built an inventory app for my family's restaurant, written in Django one summer. Swift for the app, and a Raspberry Pi doing something it was not designed for. The useful part was sitting with the people using it rather than asking them what they wanted in the abstract. I would like to get properly good at databases rather than superstitious about them.",I would talk about the physics of why bad coffee tastes bad. It changed how I look at a city and I want to inflict that on other people.,"EE 109, PSYC 314; campus radio show ~2 hrs/week"
8/13/2026 21:00:15,paloma.nair@usc.edu,5057210759,Paloma Nair,Computer Engineering and Computer Science,Social Entrepreneurship,2029,he/they,Female,American Indian or Alaska Native,https://drive.google.com/open?id=1pI2PTHNm1AepQpDvzR8B6VQPvwFd5yUR,,Designer,"I spent two years adjacent to language access at the county courthouse before I felt entitled to an opinion about it. What made it stick was realising that everybody involved was competent and well-meaning and it still did not work, which meant the problem was structural rather than anybody's fault. I interviewed fourteen people before I wrote a single line of code. I was wrong about which part would be hard, and I was wrong in the direction of thinking the code mattered most. What stayed with me is how much of the work was earning enough trust to be allowed to help.","The community that shaped me most was a community garden run entirely by retirees and me, mostly because it was bad at hierarchy. There was no hierarchy to speak of, which sounds idealistic and was mostly just practical: whoever knew how to do the thing did the thing, and taught the next person. The rule was that whoever knew the least got to ask first. What I would bring to CTC is the unglamorous maintenance that keeps a community alive: the reminder message, the booked room, the noticing that somebody has gone quiet.","Dear Professor Halvorsen,

Thank you for teaching me that being the least experienced person in a room is a resource, not a liability. You gave me a job that was slightly too hard on purpose and then made it obvious you were nearby. I have never had a better arrangement. I think about it more than almost anything else I was formally taught, and I have started passing it on badly, which I am told is how these things travel. I have not told you any of this, so consider this the version I would say badly in person.

— Paloma","I built a parser for a niche scientific file format, now with eight regular bug reporters. Go for the service, Figma for the parts I should not have been trusted with. The useful part was sitting with the people using it rather than asking them what they wanted in the abstract. I would like to get properly good at databases rather than superstitious about them.","I would talk about what actually happens when you flush on an aeroplane. It changed how I look at a city and I want to inflict that on other people. I would need about three slides and one prop, and I already own the prop.","ITP 259, CSCI 356, WRIT 150; intramural volleyball ~3 hrs/week"
8/13/2026 21:04:54,oscar.adeyemi@usc.edu,5957653182,Oscar Adeyemi,Applied and Computational Mathematics,Cinematic Arts,2029,he/him/his,Male,Two or more races,https://drive.google.com/open?id=1w3w638KKv_VV5741KiDUzC-thMRQSM2z,,Product Manager,I think digital literacy for older adults is a real problem. It taught me to keep going.,I felt like I belonged to a church youth orchestra with no conductor. I want to bring that to the CTC family.,"Dear Mr. Mansour,

Thank you for teaching me that I was allowed to start things without permission. It mattered to me.

— Oscar",I built a research assistantship cleaning sensor data nobody had documented. I want to get better at systems design and at reading other people's code quickly.,I would talk about how to sight-read music badly but confidently. It is interesting.,"CSCI 201, WRIT 150, CSCI 270, CSCI 356; intramural volleyball ~3 hrs/week"
8/13/2026 23:46:19,beatriz.silva@usc.edu,1435602736,Beatriz Silva,Industrial and Systems Engineering,Human-Centered Design,2029,he/him/his,Male,Black or African American,https://drive.google.com/open?id=1HaSEBuGPsApGCsnLCta9gURBB8qerr57,,Developer,"I got interested in how hard it is to find mental health care through a job I took for the money and stayed in for other reasons. What made it stick was realising that everybody involved was competent and well-meaning and it still did not work, which meant the problem was structural rather than anybody's fault. I interviewed fourteen people before I wrote a single line of code. I learned that a solution nobody adopts is worth less than no solution at all.","My high school's stage crew is the honest answer, even though it is not the impressive one. People turned up for each other's unrelated stuff — recitals, matches, one memorably grim moving day — and that is the part I did not appreciate until it stopped. It was the first place where being confused out loud was normal. The thing worth carrying over is that nobody there performed competence they did not have.","Dear Ms. Molina,

Thank you for teaching me that ""good enough, shipped"" beats ""perfect, someday"". You told me once, fairly bluntly, that I was hiding behind how much I had read. It was the most useful unkind thing anyone has said to me. I did not understand why it mattered until much later, when I caught myself doing it without deciding to.

— Beatriz","I built a research assistantship cleaning sensor data nobody had documented. TypeScript, a lot of SQL, and more shell scripting than I expected. The lesson was about adoption, not analysis: the first version had a 30% false positive rate and people turned it off inside a week. I am eager to learn more about accessibility work and about testing that is actually worth maintaining.","I would talk about how to fold a fitted sheet, performed live and with stakes. I have given a version of this at a dinner table and it worked.","CSCI 170, EE 109, DSCI 351, MATH 407; club soccer ~6 hrs/week"
8/14/2026 2:26:14,sven.papadakis@usc.edu,3336235444,Sven Papadakis,Statistics,,2028,she/her/hers,Male,Hispanic or Latino,https://drive.google.com/open?id=1conptefJokGCr_Fu4WFnootLPHDl6aJK,,Product Manager,"E-waste from campus upgrades is the problem I have actually done something about, so it is the one I will write about. It is the kind of problem that never becomes urgent enough to fix, so it just quietly costs people hours every week forever. I rebuilt their intake form so it stopped losing half the submissions. I was wrong about which part would be hard, and I was wrong in the direction of thinking the code mattered most. What I learned is that the most consequential decision in a project like this is usually not a technical one.","The community that shaped me most was a community garden run entirely by retirees and me, mostly because it was bad at hierarchy. The whole thing ran on Sunday evenings, which meant everyone there had chosen it over something easier. It was the first place where being confused out loud was normal. I would want to bring the norm that you can say you do not understand something in a room full of people nodding.","Dear Ms. Brandt,

Thank you for teaching me that a wrong answer said out loud is worth more than a right one kept quiet. I remember you stopping a whole session because one person had not followed, and doing it in a way that made it obvious the fault was in the explanation rather than in them. I have tried to run every meeting I lead like that since. I think about it more than almost anything else I was formally taught, and I have started passing it on badly, which I am told is how these things travel. I do not think you would remember any of this, which is sort of the point — it cost you very little and it rearranged how I work.

— Sven","I built a model predicting missed clinic appointments, so patients could be called the day before. Mostly Python and Postgres, with enough React to be dangerous. The useful part was sitting with the people using it rather than asking them what they wanted in the abstract. I want to learn how to scope a project so it can ship in a semester.","I would talk about the physics of why bad coffee tastes bad. I want an excuse to finally make the slides. I would need about three slides and one prop, and I already own the prop.","DSCI 351, CSCI 356; club soccer ~6 hrs/week; campus radio show ~2 hrs/week"
8/14/2026 2:34:39,mei.bello@usc.edu,3605629185,Mei Bello,International Relations,Entrepreneurship,2028,she/her/hers,Male,Asian,https://drive.google.com/open?id=1jdPQIbDTHs9osIhL5kXpQ5di8EQ1XHdh,,Product Manager,"How hard it is to find mental health care is small compared to what people usually write about here, which is exactly why nobody had fixed it. What made it stick was realising that everybody involved was competent and well-meaning and it still did not work, which meant the problem was structural rather than anybody's fault. I built a spreadsheet, then an actual tool, that matches donations to need. I learned that a solution nobody adopts is worth less than no solution at all.","A robotics team that met in a borrowed garage is the honest answer, even though it is not the impressive one. There was no hierarchy to speak of, which sounds idealistic and was mostly just practical: whoever knew how to do the thing did the thing, and taught the next person. People stayed after to clean up without anyone organising it. The thing worth carrying over is that nobody there performed competence they did not have.","Dear Professor Solberg,

Thank you for teaching me that the person who asks the naive question is doing everyone a favour. You told me once, fairly bluntly, that I was hiding behind how much I had read. It was the most useful unkind thing anyone has said to me. I did not understand why it mattered until much later, when I caught myself doing it without deciding to.

— Mei","I built a parser for a niche scientific file format, now with eight regular bug reporters. TypeScript, a lot of SQL, and more shell scripting than I expected. I learned that the optimal schedule was the one everybody hated, because I had optimised for the wrong thing. I want to get better at systems design and at reading other people's code quickly.",I would talk about the surprisingly bitter world of competitive crossword construction. Everyone thinks they already know this and nearly everyone is wrong.,"ITP 259, CSCI 360; campus radio show ~2 hrs/week"
8/14/2026 3:14:15,omar.marchetti@usc.edu,6501026817,Omar Marchetti,Neuroscience,Human-Centered Design,2029,he/him/his,Male,White,https://drive.google.com/open?id=1STQ8NvmJ6MxxCJCkcbw8-SV260wnCqzK,,Developer,"I did not expect to care about transit deserts near campus, and then I spent a summer close to it. The version of it I know best is narrow — one office, one process, maybe two hundred people affected — but I could see the whole shape of it from there. I rebuilt their intake form so it stopped losing half the submissions. The lesson was that I should have asked the people doing the work before designing anything.","I found it in the overnight shift at a campus radio station, which is not where I expected to find it. We had almost nothing. One working laptop, a whiteboard somebody had rescued from a skip, and a standing agreement that you cleaned up whether or not it was your mess. We shared tools and, more importantly, shared credit. The thing worth carrying over is that nobody there performed competence they did not have.","Dear Ms. Brandt,

Thank you for teaching me that being the least experienced person in a room is a resource, not a liability. You gave me a job that was slightly too hard on purpose and then made it obvious you were nearby. I have never had a better arrangement. I did not understand why it mattered until much later, when I caught myself doing it without deciding to.

— Omar","I built a parser for a niche scientific file format, now with eight regular bug reporters. Mostly Python and Postgres, with enough React to be dangerous. The lesson was about adoption, not analysis: the first version had a 30% false positive rate and people turned it off inside a week. I would like to get properly good at databases rather than superstitious about them.",I would talk about why the QWERTY story you have heard is wrong. Everyone thinks they already know this and nearly everyone is wrong.,"MATH 226, BUAD 304, CSCI 360, CSCI 170; campus radio show ~2 hrs/week; marching band ~10 hrs/week"
8/14/2026 4:20:27,malik.odonnell@usc.edu,2163151281,Malik O'Donnell,Mechanical Engineering,Design,2028,she/her/hers,Female,White,https://drive.google.com/open?id=1q36KREZPrdoWVjEXZ53fs6XkKoC8qlWw,,Developer,"The problem I picked is how volunteer tutoring gets matched, which sounds minor until you count how many hours it costs the people carrying it. It is the kind of problem that never becomes urgent enough to fix, so it just quietly costs people hours every week forever. I built a spreadsheet, then an actual tool, that matches donations to need. Two people still run it now that I have handed it over, which matters more to me than anything about how it was built. What I learned is that the most consequential decision in a project like this is usually not a technical one.","A Discord server for a game that died years ago taught me that belonging is built out of logistics more than sentiment. I joined because a friend dragged me and stayed because within a month three people had asked me to explain something and taken the answer seriously. We shared tools and, more importantly, shared credit. I would want to bring the norm that you can say you do not understand something in a room full of people nodding.","Dear Mr. Molina,

Thank you for teaching me that the person who asks the naive question is doing everyone a favour. There was a week where I was clearly out of my depth and you neither rescued me nor let me drown, which I now understand took actual restraint. I think about it more than almost anything else I was formally taught, and I have started passing it on badly, which I am told is how these things travel. I have not told you any of this, so consider this the version I would say badly in person.

— Malik","I built a parser for a niche scientific file format, now with eight regular bug reporters. Mostly Python and Postgres, with enough React to be dangerous. I learned that the optimal schedule was the one everybody hated, because I had optimised for the wrong thing. I would like to get properly good at databases rather than superstitious about them.","I would talk about how to fold a fitted sheet, performed live and with stakes. I want an excuse to finally make the slides. I would keep it to four minutes and take questions, because the questions are better than the talk.","MATH 407, EE 109, CSCI 360, CSCI 270, WRIT 150; tutoring ~4 hrs/week; TA office hours ~6 hrs/week"
8/14/2026 4:26:31,yuki.mwangi@usc.edu,2300086494,Yuki Mwangi,Music Industry,Applied Analytics,2030,he/him/his,Female,Hispanic or Latino,https://drive.google.com/open?id=1Q1K8LJRBiS8UtOmg_Thg-p_5sOs9RKgG,https://www.linkedin.com/in/yukimwangi/,Developer,"I care about how hard it is to find mental health care, and I want to be precise about why rather than gesturing at it. I had assumed somebody upstream was handling it. Nobody was, and the reason nobody was is that it belonged to no single person's job description. I ran a pilot with one classroom before asking the district for anything. Two people still run it now that I have handed it over, which matters more to me than anything about how it was built. I learned to build the boring, durable version rather than the impressive one, because I would not be there in a year.","I belonged to a 6am swim squad nobody else wanted to join, and I have spent a while trying to work out what made it work so I could reproduce it. There was no hierarchy to speak of, which sounds idealistic and was mostly just practical: whoever knew how to do the thing did the thing, and taught the next person. We shared tools and, more importantly, shared credit. The thing I would carry in is that we lowered the bar to enter and raised it to stay, and both mattered.","Dear Dr. Chaudhry,

Thank you for teaching me that being the least experienced person in a room is a resource, not a liability. You told me once, fairly bluntly, that I was hiding behind how much I had read. It was the most useful unkind thing anyone has said to me. I think about it more than almost anything else I was formally taught, and I have started passing it on badly, which I am told is how these things travel. I do not think you would remember any of this, which is sort of the point — it cost you very little and it rearranged how I work.

— Yuki","I built a parser for a niche scientific file format, now with eight regular bug reporters. TypeScript, a lot of SQL, and more shell scripting than I expected. What surprised me was the maintenance cost; I had thought of shipping as the finish line. I would like to get properly good at databases rather than superstitious about them.","I would talk about why every restaurant menu is designed badly on purpose. I want an excuse to finally make the slides. It ends with a genuinely unresolved argument, which I think is a better ending than a conclusion.","BUAD 304, CSCI 356, CSCI 170, DSCI 351; marching band ~10 hrs/week; campus radio show ~2 hrs/week"
8/14/2026 4:31:35,valeria.marchetti@usc.edu,5615594308,Valeria Marchetti,Data Science,Music Recording,2028,he/him/his,Female,Two or more races,https://drive.google.com/open?id=15ZbWU4OwFFWCS3nDXlpCawnfBoKUDT8a,,Product Manager,"The problem I picked is food waste in dining halls, which sounds minor until you count how many hours it costs the people carrying it. What made it stick was realising that everybody involved was competent and well-meaning and it still did not work, which meant the problem was structural rather than anybody's fault. I started a weekly pickup that routes leftovers to a shelter downtown. It took about six weeks before anyone used it without being asked, and that was the real milestone rather than the day it worked. What I learned is that the most consequential decision in a project like this is usually not a technical one.",The overnight shift at a campus radio station taught me that belonging is built out of logistics more than sentiment. I joined because a friend dragged me and stayed because within a month three people had asked me to explain something and taken the answer seriously. People stayed after to clean up without anyone organising it. I would want to bring the norm that you can say you do not understand something in a room full of people nodding.,"Dear Ms. Ellis,

Thank you for teaching me that I should write the thing down before I believe I understand it. The specific moment I keep returning to is the afternoon I handed in something I knew was mediocre, and instead of grading it you asked me what I would change if I had another week. I did not have an answer, which was the point. I think about it more than almost anything else I was formally taught, and I have started passing it on badly, which I am told is how these things travel. I do not think you would remember any of this, which is sort of the point — it cost you very little and it rearranged how I work.

— Valeria","I built an internship on a payments team, mostly writing migrations and tests. Go for the service, Figma for the parts I should not have been trusted with. The lesson was about adoption, not analysis: the first version had a 30% false positive rate and people turned it off inside a week. I would like to get properly good at databases rather than superstitious about them.","I would talk about what actually happens when you flush on an aeroplane. Everyone thinks they already know this and nearly everyone is wrong. I would keep it to four minutes and take questions, because the questions are better than the talk.","DSCI 351, ITP 259, CSCI 201, CSCI 104; marching band ~10 hrs/week"
8/14/2026 4:50:51,lin.iqbal@usc.edu,1767739442,Lin Iqbal,Neuroscience,Mathematics,2030,she/her/hers,Female,Hispanic or Latino,https://drive.google.com/open?id=1TwFsFbUERd1vGbXkJ5kxTdmwMeEPiNgB,,Developer,"I care about how hard it is to find mental health care, and I want to be precise about why rather than gesturing at it. It is the kind of problem that never becomes urgent enough to fix, so it just quietly costs people hours every week forever. I rebuilt their intake form so it stopped losing half the submissions. Two people still run it now that I have handed it over, which matters more to me than anything about how it was built. The thing I got wrong was optimising for the outcome I could measure instead of the one that mattered.","My high school's stage crew taught me that belonging is built out of logistics more than sentiment. We had almost nothing. One working laptop, a whiteboard somebody had rescued from a skip, and a standing agreement that you cleaned up whether or not it was your mess. It ran on a hundred small favours nobody kept score of. What I would bring to CTC is the unglamorous maintenance that keeps a community alive: the reminder message, the booked room, the noticing that somebody has gone quiet.","Dear Dr. Costa,

Thank you for teaching me how to disagree with someone without making it about them. The specific moment I keep returning to is the afternoon I handed in something I knew was mediocre, and instead of grading it you asked me what I would change if I had another week. I did not have an answer, which was the point. I think about it more than almost anything else I was formally taught, and I have started passing it on badly, which I am told is how these things travel. Thank you for it. I am still working out how to do the same for somebody else without being insufferable about it.

— Lin","I built a research assistantship cleaning sensor data nobody had documented. Java and C++ from coursework, Python and Django for anything I choose myself. It taught me that a tool nobody trusts is worse than no tool, because it burns the next person's credibility too. I would like to get properly good at databases rather than superstitious about them.","I would talk about why my hometown has three names. Everyone thinks they already know this and nearly everyone is wrong. I would need about three slides and one prop, and I already own the prop.","CSCI 170, MATH 407; marching band ~10 hrs/week; intramural volleyball ~3 hrs/week"
8/14/2026 5:07:03,jonas.nasser@usc.edu,3127839389,Jonas Nasser,Music Industry,Philosophy,2027,he/him/his,Nonbinary,Two or more races,https://drive.google.com/open?id=1fjlobikhf8zMbhAH-CHvVME0zuduqZMv,https://www.linkedin.com/in/jonasnasser/,Designer,"E-waste from campus upgrades is the problem I have actually done something about, so it is the one I will write about. What made it stick was realising that everybody involved was competent and well-meaning and it still did not work, which meant the problem was structural rather than anybody's fault. I organised a workshop and eleven people came to the first one. I was wrong about which part would be hard, and I was wrong in the direction of thinking the code mattered most. What stayed with me is how much of the work was earning enough trust to be allowed to help.","I belonged to my high school's stage crew, and I have spent a while trying to work out what made it work so I could reproduce it. There was no hierarchy to speak of, which sounds idealistic and was mostly just practical: whoever knew how to do the thing did the thing, and taught the next person. Nobody there cared what I was good at yet, only whether I showed up. The thing I would carry in is that we lowered the bar to enter and raised it to stay, and both mattered.","Dear Dr. Trần,

Thank you for teaching me that being the least experienced person in a room is a resource, not a liability. You gave me a job that was slightly too hard on purpose and then made it obvious you were nearby. I have never had a better arrangement. I think about it more than almost anything else I was formally taught, and I have started passing it on badly, which I am told is how these things travel. Thank you for it. I am still working out how to do the same for somebody else without being insufferable about it.

— Jonas","I built a screen reader plugin I shipped to roughly 60 users. Go for the service, Figma for the parts I should not have been trusted with. What surprised me was the maintenance cost; I had thought of shipping as the finish line. I want to get better at systems design and at reading other people's code quickly.","I would talk about how to fold a fitted sheet, performed live and with stakes. It changed how I look at a city and I want to inflict that on other people. I would need about three slides and one prop, and I already own the prop.","MATH 225, CSCI 103, CSCI 356; another club board position ~5 hrs/week; tutoring ~4 hrs/week"
8/14/2026 5:27:14,mateo.bergstrom@usc.edu,4051572210,Mateo Bergström,Psychology,Data Analytics,2030,,Male,White,https://drive.google.com/open?id=1-R7qMHV1G0cNUpndSGmGKKAV5-DBRTpd,,Developer,"I care about language access at the county courthouse, and I want to be precise about why rather than gesturing at it. I had assumed somebody upstream was handling it. Nobody was, and the reason nobody was is that it belonged to no single person's job description. I started a weekly pickup that routes leftovers to a shelter downtown. I was wrong about which part would be hard, and I was wrong in the direction of thinking the code mattered most. The thing I got wrong was optimising for the outcome I could measure instead of the one that mattered.","The community that shaped me most was the kitchen of my family's restaurant, mostly because it was bad at hierarchy. I joined because a friend dragged me and stayed because within a month three people had asked me to explain something and taken the answer seriously. People stayed after to clean up without anyone organising it. The thing I would carry in is that we lowered the bar to enter and raised it to stay, and both mattered.","Dear Professor Bello,

Thank you for teaching me that a wrong answer said out loud is worth more than a right one kept quiet. I remember you stopping a whole session because one person had not followed, and doing it in a way that made it obvious the fault was in the explanation rather than in them. I have tried to run every meeting I lead like that since. I think about it more than almost anything else I was formally taught, and I have started passing it on badly, which I am told is how these things travel. I hope you are still doing it for whoever came after me.

— Mateo","I built a screen reader plugin I shipped to roughly 60 users. Mostly Python and Postgres, with enough React to be dangerous. The useful part was sitting with the people using it rather than asking them what they wanted in the abstract. I would like to get properly good at databases rather than superstitious about them.","I would talk about an eight-minute history of the shipping container. It changed how I look at a city and I want to inflict that on other people. I would need about three slides and one prop, and I already own the prop.","BUAD 304, CSCI 356, CSCI 104, MATH 225; intramural volleyball ~3 hrs/week"
8/14/2026 6:30:37,leila.khan@usc.edu,5534733049,Leila Khan,Communication,Human-Centered Design,2029,she/her/hers,Male,Native Hawaiian or Other Pacific Islander,https://drive.google.com/open?id=1rl9ais1vuUekl44ThI07nT8i4hrCfvAs,,Developer,"Food waste in dining halls is the problem I have actually done something about, so it is the one I will write about. What made it stick was realising that everybody involved was competent and well-meaning and it still did not work, which meant the problem was structural rather than anybody's fault. I interviewed fourteen people before I wrote a single line of code. I was wrong about which part would be hard, and I was wrong in the direction of thinking the code mattered most. The thing I got wrong was optimising for the outcome I could measure instead of the one that mattered.","The community that shaped me most was a debate circuit that travelled by van, mostly because it was bad at hierarchy. People turned up for each other's unrelated stuff — recitals, matches, one memorably grim moving day — and that is the part I did not appreciate until it stopped. It ran on a hundred small favours nobody kept score of. What I would bring to CTC is the unglamorous maintenance that keeps a community alive: the reminder message, the booked room, the noticing that somebody has gone quiet.","Dear Ms. Marchetti,

Thank you for teaching me that I was allowed to start things without permission. The specific moment I keep returning to is the afternoon I handed in something I knew was mediocre, and instead of grading it you asked me what I would change if I had another week. I did not have an answer, which was the point. I think about it more than almost anything else I was formally taught, and I have started passing it on badly, which I am told is how these things travel. Thank you for it. I am still working out how to do the same for somebody else without being insufferable about it.

— Leila","I built an inventory app for my family's restaurant, written in Django one summer. Java and C++ from coursework, Python and Django for anything I choose myself. The useful part was sitting with the people using it rather than asking them what they wanted in the abstract. I am eager to learn more about accessibility work and about testing that is actually worth maintaining.","I would talk about why every restaurant menu is designed badly on purpose. Everyone thinks they already know this and nearly everyone is wrong. I would keep it to four minutes and take questions, because the questions are better than the talk.","CSCI 270, MATH 225, MATH 226, CSCI 201; another club board position ~5 hrs/week"
8/14/2026 6:40:20,anika.mensah@usc.edu,9134539386,Anika Mensah,Public Policy,Entrepreneurship,2028,he/him/his,Male,Hispanic or Latino,https://drive.google.com/open?id=1X_dXQ1kSehCNuq2-T1ZZJ72C0ZyomjWD,https://www.linkedin.com/in/anikamensah/,Developer,"The way clinics schedule appointments is small compared to what people usually write about here, which is exactly why nobody had fixed it. What made it stick was realising that everybody involved was competent and well-meaning and it still did not work, which meant the problem was structural rather than anybody's fault. I rebuilt their intake form so it stopped losing half the submissions. I learned that a solution nobody adopts is worth less than no solution at all.","The community I belonged to was my high school's stage crew, and it took me a year to notice it had become one. There was no hierarchy to speak of, which sounds idealistic and was mostly just practical: whoever knew how to do the thing did the thing, and taught the next person. People stayed after to clean up without anyone organising it. What I would bring into CTC is that habit of making the entry cost low.","Dear Dr. Duarte,

Thank you for teaching me that ""good enough, shipped"" beats ""perfect, someday"". The specific moment I keep returning to is the afternoon I handed in something I knew was mediocre, and instead of grading it you asked me what I would change if I had another week. I did not have an answer, which was the point. I did not understand why it mattered until much later, when I caught myself doing it without deciding to.

— Anika","I built a model predicting missed clinic appointments, so patients could be called the day before. Go for the service, Figma for the parts I should not have been trusted with. What surprised me was the maintenance cost; I had thought of shipping as the finish line. I would like to get properly good at databases rather than superstitious about them.",I would talk about why every restaurant menu is designed badly on purpose. It is the only thing I can talk about for ten minutes with no notes.,"CSCI 170, CSCI 104, CSCI 356, DSCI 351; campus radio show ~2 hrs/week"
8/14/2026 7:19:29,devan.watanabe@usc.edu,4750349527,Devan Watanabe,Public Policy,Cinematic Arts,2029,she/her/hers,Female,Asian,https://drive.google.com/open?id=1fjZH_COy78fxbSNH0OCReTk97g0CMoPS,,Developer,"Unclaimed produce at the farmers market is small compared to what people usually write about here, which is exactly why nobody had fixed it. I spent last summer working somewhere it was impossible to ignore, and the pattern was always the same: the people closest to it had known about it for years and had never been asked. I rebuilt their intake form so it stopped losing half the submissions. I learned that a solution nobody adopts is worth less than no solution at all.","The community I belonged to was the kitchen of my family's restaurant, and it took me a year to notice it had become one. We had almost nothing. One working laptop, a whiteboard somebody had rescued from a skip, and a standing agreement that you cleaned up whether or not it was your mess. It was the first place where being confused out loud was normal. I would like to bring the part where the newest person is asked first.","Dear Mr. Ibarra,

Thank you for teaching me that being the least experienced person in a room is a resource, not a liability. I remember you stopping a whole session because one person had not followed, and doing it in a way that made it obvious the fault was in the explanation rather than in them. I have tried to run every meeting I lead like that since. I did not understand why it mattered until much later, when I caught myself doing it without deciding to.

— Devan","I built a static analysis pass that flags database queries inside loops. TypeScript, a lot of SQL, and more shell scripting than I expected. The lesson was about adoption, not analysis: the first version had a 30% false positive rate and people turned it off inside a week. I want to learn how to scope a project so it can ship in a semester.","I would talk about how to read a subway map, and why almost every city gets it wrong. It is the only thing I can talk about for ten minutes with no notes.","MATH 225, ITP 259; intramural volleyball ~3 hrs/week; club soccer ~6 hrs/week"
8/14/2026 8:01:39,dmitri.ferreira@usc.edu,9348641871,Dmitri Ferreira,Communication,Philosophy,2028,she/her/hers,Female,Hispanic or Latino,https://drive.google.com/open?id=1JrP_bWvZK-H7JCe-x8UgxMGlx0JvmD_7,,Developer,"The problem I picked is how volunteer tutoring gets matched, which sounds minor until you count how many hours it costs the people carrying it. What made it stick was realising that everybody involved was competent and well-meaning and it still did not work, which meant the problem was structural rather than anybody's fault. I interviewed fourteen people before I wrote a single line of code. Two people still run it now that I have handed it over, which matters more to me than anything about how it was built. I learned to build the boring, durable version rather than the impressive one, because I would not be there in a year.","I belonged to a debate circuit that travelled by van, and I have spent a while trying to work out what made it work so I could reproduce it. We had almost nothing. One working laptop, a whiteboard somebody had rescued from a skip, and a standing agreement that you cleaned up whether or not it was your mess. The rule was that whoever knew the least got to ask first. I would want to bring the norm that you can say you do not understand something in a room full of people nodding.","Dear Ms. Mansour,

Thank you for teaching me that I was allowed to start things without permission. I remember you stopping a whole session because one person had not followed, and doing it in a way that made it obvious the fault was in the explanation rather than in them. I have tried to run every meeting I lead like that since. I think about it more than almost anything else I was formally taught, and I have started passing it on badly, which I am told is how these things travel. Thank you for it. I am still working out how to do the same for somebody else without being insufferable about it.

— Dmitri","I built a parser for a niche scientific file format, now with eight regular bug reporters. Java and C++ from coursework, Python and Django for anything I choose myself. The lesson was about adoption, not analysis: the first version had a 30% false positive rate and people turned it off inside a week. I would like to get properly good at databases rather than superstitious about them.","I would talk about why the QWERTY story you have heard is wrong. I have given a version of this at a dinner table and it worked. I would need about three slides and one prop, and I already own the prop.","ITP 259, CSCI 103, BUAD 304, CSCI 170, PSYC 314; tutoring ~4 hrs/week; club soccer ~6 hrs/week"
8/14/2026 8:11:59,sven.serrano@usc.edu,1553736083,Sven Serrano,Mechanical Engineering,Social Entrepreneurship,2030,he/him/his,Female,Black or African American,https://drive.google.com/open?id=1QdWgNc1M9swoM7SHXl1vjyOXgARkDmNu,,Developer,I think the paperwork small nonprofits drown in is a real problem. It taught me to keep going.,A debate circuit that travelled by van was my community. I want to bring that to the CTC family.,"Dear Ms. Vargas,

Thank you for teaching me that I was allowed to start things without permission. It mattered to me.

— Sven",I built a static analysis pass that flags database queries inside loops. I want to learn how to scope a project so it can ship in a semester.,I would talk about the correct way to argue about tipping. It is interesting.,"BUAD 304, CSCI 170, MATH 226, MATH 407; part-time job ~12 hrs/week; another club board position ~5 hrs/week"
8/14/2026 9:39:20,rahul.diallo@usc.edu,1698639219,Rahul Diallo,Public Policy,Social Entrepreneurship,2029,she/her/hers,Female,Asian,https://drive.google.com/open?id=1axajJ3M732KHAmYrj7F08ZEy33sAJoMH,https://www.linkedin.com/in/rahuldiallo/,Developer,The problem I would pick is digital literacy for older adults. I want to keep working on things like this.,The kitchen of my family's restaurant was my community. I want to bring that to the CTC family.,"Dear Professor Zhou,

Thank you for teaching me that I was allowed to start things without permission. It mattered to me.

— Rahul",I built a scheduling tool for the volunteer tutoring programme I coordinate. I would like to get properly good at databases rather than superstitious about them.,I would talk about the surprisingly bitter world of competitive crossword construction. It is interesting.,"ITP 259, CSCI 360, CSCI 270, BUAD 304; research assistantship ~8 hrs/week; club soccer ~6 hrs/week"
8/14/2026 9:40:17,felix.zhou@usc.edu,4412111020,Felix Zhou,Environmental Studies,Public Health,2029,she/her/hers,Female,Middle Eastern or North African,https://drive.google.com/open?id=1UzJ97r7TI1RNgoRAx6dttG_d6_CvEBP9,,Developer,Transit deserts near campus is important to me. I want to keep working on things like this.,The community I would pick is a church youth orchestra with no conductor. I want to bring that to the CTC family.,"Dear Coach Molina,

Thank you for teaching me that ""good enough, shipped"" beats ""perfect, someday"". It mattered to me.

— Felix",I built a scheduling tool for the volunteer tutoring programme I coordinate. I am keen to work on something with real users and real consequences for once.,"I would talk about how to fold a fitted sheet, performed live and with stakes. It is interesting.","CSCI 104, CSCI 201, DSCI 351; another club board position ~5 hrs/week"
8/14/2026 9:41:56,hassan.khan@usc.edu,3503366548,Hassan Khan,Computer Engineering and Computer Science,Mathematics,2028,she/her/hers,Nonbinary,Hispanic or Latino,https://drive.google.com/open?id=1P5eXL4EFbJAclAT5isxYGDR0iwF1t7KG,,Product Manager,"I got interested in the way clinics schedule appointments through a job I took for the money and stayed in for other reasons. It is the kind of problem that never becomes urgent enough to fix, so it just quietly costs people hours every week forever. I interviewed fourteen people before I wrote a single line of code. What I learned was that the technical part was never the hard part.","I found it in a community garden run entirely by retirees and me, which is not where I expected to find it. I joined because a friend dragged me and stayed because within a month three people had asked me to explain something and taken the answer seriously. The rule was that whoever knew the least got to ask first. What I would bring into CTC is that habit of making the entry cost low.","Dear Professor Brandt,

Thank you for teaching me that a wrong answer said out loud is worth more than a right one kept quiet. You gave me a job that was slightly too hard on purpose and then made it obvious you were nearby. I have never had a better arrangement. I did not understand why it mattered until much later, when I caught myself doing it without deciding to.

— Hassan","I built a scheduling tool for the volunteer tutoring programme I coordinate. Java and C++ from coursework, Python and Django for anything I choose myself. It taught me that a tool nobody trusts is worse than no tool, because it burns the next person's credibility too. I would like to get properly good at databases rather than superstitious about them.",I would talk about how to sight-read music badly but confidently. It changed how I look at a city and I want to inflict that on other people.,"ITP 259, CSCI 270, DSCI 351, BUAD 304; campus radio show ~2 hrs/week"
8/14/2026 10:01:53,anika.diallo@usc.edu,6377783061,Anika Diallo,Design,Mathematics,2029,he/him/his,Male,White,https://drive.google.com/open?id=15hZ84R-tOlSTqEbTqSWTZytpl-fTLQ6Q,,Designer,"I spent two years adjacent to the cost of textbooks before I felt entitled to an opinion about it. It is the kind of problem that never becomes urgent enough to fix, so it just quietly costs people hours every week forever. I ran a pilot with one classroom before asking the district for anything. Two people still run it now that I have handed it over, which matters more to me than anything about how it was built. What I learned is that the most consequential decision in a project like this is usually not a technical one.","A Discord server for a game that died years ago taught me that belonging is built out of logistics more than sentiment. The whole thing ran on Sunday evenings, which meant everyone there had chosen it over something easier. Nobody there cared what I was good at yet, only whether I showed up. What I would bring to CTC is the unglamorous maintenance that keeps a community alive: the reminder message, the booked room, the noticing that somebody has gone quiet.","Dear Dr. Lindqvist,

Thank you for teaching me that I should write the thing down before I believe I understand it. I remember you stopping a whole session because one person had not followed, and doing it in a way that made it obvious the fault was in the explanation rather than in them. I have tried to run every meeting I lead like that since. I think about it more than almost anything else I was formally taught, and I have started passing it on badly, which I am told is how these things travel. I hope you are still doing it for whoever came after me.

— Anika","I built a research assistantship cleaning sensor data nobody had documented. Mostly Python and Postgres, with enough React to be dangerous. The lesson was about adoption, not analysis: the first version had a 30% false positive rate and people turned it off inside a week. I am keen to work on something with real users and real consequences for once.","I would talk about the correct way to argue about tipping. It is the only thing I can talk about for ten minutes with no notes. I would keep it to four minutes and take questions, because the questions are better than the talk.","CSCI 103, MATH 226, MATH 225; tutoring ~4 hrs/week; intramural volleyball ~3 hrs/week"
8/14/2026 10:08:20,omar.lindqvist@usc.edu,1933982159,Omar Lindqvist,International Relations,Music Recording,2029,he/him/his,Male,Prefer not to say,https://drive.google.com/open?id=1FVYkrUfX9GFry66Ptl52WhuoPKuxWpFr,https://www.linkedin.com/in/omarlindqvist/,Developer,Something I care about is digital literacy for older adults. I want to keep working on things like this.,The community I would pick is a 6am swim squad nobody else wanted to join. I think CTC has that too.,"Dear Dr. Trần,

Thank you for teaching me that a wrong answer said out loud is worth more than a right one kept quiet. It mattered to me.

— Omar","I built a parser for a niche scientific file format, now with eight regular bug reporters. I want to get better at systems design and at reading other people's code quickly.",I would talk about the surprisingly bitter world of competitive crossword construction. It is interesting.,"CSCI 170, CSCI 270; campus radio show ~2 hrs/week; part-time job ~12 hrs/week"
8/14/2026 10:45:02,hugo.bourdon@usc.edu,8366905365,Hugo Bourdon,"Computer Science, Linguistics",Philosophy,2029,,Male,Asian,https://drive.google.com/open?id=1GM7hkfSVh7JHDV3ScODqCQUCAE3x8ltu,,Product Manager,"I got interested in how hard it is to find mental health care through a job I took for the money and stayed in for other reasons. What made it stick was realising that everybody involved was competent and well-meaning and it still did not work, which meant the problem was structural rather than anybody's fault. I started a weekly pickup that routes leftovers to a shelter downtown. I learned that a solution nobody adopts is worth less than no solution at all.","The community I belonged to was a robotics team that met in a borrowed garage, and it took me a year to notice it had become one. The whole thing ran on Sunday evenings, which meant everyone there had chosen it over something easier. The rule was that whoever knew the least got to ask first. What I would bring into CTC is that habit of making the entry cost low.","Dear Dr. Reyes,

Thank you for teaching me that the person who asks the naive question is doing everyone a favour. You told me once, fairly bluntly, that I was hiding behind how much I had read. It was the most useful unkind thing anyone has said to me. I did not understand why it mattered until much later, when I caught myself doing it without deciding to.

— Hugo","I built a research assistantship cleaning sensor data nobody had documented. Mostly Python and Postgres, with enough React to be dangerous. The useful part was sitting with the people using it rather than asking them what they wanted in the abstract. I am eager to learn more about accessibility work and about testing that is actually worth maintaining.",I would talk about why the QWERTY story you have heard is wrong. It changed how I look at a city and I want to inflict that on other people.,"MATH 407, CSCI 356, CSCI 201; part-time job ~12 hrs/week"
8/14/2026 12:21:52,sofia.nasser@usc.edu,4498767368,Sofia Nasser,Computer Science,Data Analytics,2028,he/him/his,Female,White,https://drive.google.com/open?id=1CWJUxBD8GwSxXmljaEZScblRheekJcCY,https://www.linkedin.com/in/sofianasser/,Designer,"The problem I keep coming back to is the way clinics schedule appointments, mostly because I watched it up close. I had assumed somebody upstream was handling it. Nobody was, and the reason nobody was is that it belonged to no single person's job description. I trained two other volunteers so it would survive me graduating. What I learned was that the technical part was never the hard part.","The kitchen of my family's restaurant is the honest answer, even though it is not the impressive one. The whole thing ran on Sunday evenings, which meant everyone there had chosen it over something easier. People stayed after to clean up without anyone organising it. The thing worth carrying over is that nobody there performed competence they did not have.","Dear Mr. Nwosu,

Thank you for teaching me how to disagree with someone without making it about them. The specific moment I keep returning to is the afternoon I handed in something I knew was mediocre, and instead of grading it you asked me what I would change if I had another week. I did not have an answer, which was the point. I did not understand why it mattered until much later, when I caught myself doing it without deciding to.

— Sofia","I built a browser extension that strips recommendation feeds, now used by about 2,000 people. TypeScript, a lot of SQL, and more shell scripting than I expected. The useful part was sitting with the people using it rather than asking them what they wanted in the abstract. I am keen to work on something with real users and real consequences for once.",I would talk about why my hometown has three names. I want an excuse to finally make the slides.,"ITP 259, PSYC 314; research assistantship ~8 hrs/week"
8/14/2026 12:42:13,kwame.marchetti@usc.edu,3876954301,Kwame Marchetti,Electrical Engineering,Mathematics,2028,she/her/hers,Male,Native Hawaiian or Other Pacific Islander,https://drive.google.com/open?id=1XmKSRJSiRb2_NEtG3Z4wTQD48fCB9lN0,https://www.linkedin.com/in/kwamemarchetti/,Developer,"Language access at the county courthouse is small compared to what people usually write about here, which is exactly why nobody had fixed it. It is the kind of problem that never becomes urgent enough to fix, so it just quietly costs people hours every week forever. I rebuilt their intake form so it stopped losing half the submissions. What I learned was that the technical part was never the hard part.","A Discord server for a game that died years ago is the honest answer, even though it is not the impressive one. The whole thing ran on Sunday evenings, which meant everyone there had chosen it over something easier. We shared tools and, more importantly, shared credit. I would like to bring the part where the newest person is asked first.","Dear Mr. Chaudhry,

Thank you for teaching me that I should write the thing down before I believe I understand it. The specific moment I keep returning to is the afternoon I handed in something I knew was mediocre, and instead of grading it you asked me what I would change if I had another week. I did not have an answer, which was the point. I did not understand why it mattered until much later, when I caught myself doing it without deciding to.

— Kwame","I built an internship on a payments team, mostly writing migrations and tests. Go for the service, Figma for the parts I should not have been trusted with. It taught me that a tool nobody trusts is worse than no tool, because it burns the next person's credibility too. I want to learn how to scope a project so it can ship in a semester.",I would talk about the physics of why bad coffee tastes bad. It is the only thing I can talk about for ten minutes with no notes.,"MATH 226, CSCI 360; research assistantship ~8 hrs/week; TA office hours ~6 hrs/week"
8/14/2026 12:50:12,yara.marchetti@usc.edu,1924166027,Yara Marchetti,International Relations,Cinematic Arts,2028,he/him/his,Male,Two or more races,https://drive.google.com/open?id=1C4sCwGOciiV7EGflyhKTE4epNUoaO__B,https://www.linkedin.com/in/yaramarchetti/,Product Manager,Something I care about is digital literacy for older adults. I want to keep working on things like this.,I felt like I belonged to a community garden run entirely by retirees and me. I want to bring that to the CTC family.,"Dear Coach O'Donnell,

Thank you for teaching me that being the least experienced person in a room is a resource, not a liability. It mattered to me.

— Yara","I built a parser for a niche scientific file format, now with eight regular bug reporters. I am keen to work on something with real users and real consequences for once.","I would talk about competitive dog agility, which I promise is a real sport. It is interesting.","EE 109, CSCI 104, CSCI 103, DSCI 351; another club board position ~5 hrs/week"
8/14/2026 13:29:44,kenji.haddad@usc.edu,5916915783,Kenji Haddad,Applied and Computational Mathematics,Entrepreneurship,2029,she/they,Prefer not to say,Asian,https://drive.google.com/open?id=1OMtlpQ3XoFFrGpiH46mqZ8G7D1cDlAFi,https://www.linkedin.com/in/kenjihaddad/,Product Manager,Something I care about is the way clinics schedule appointments. I learned a lot from it.,A church youth orchestra with no conductor was my community. I think CTC has that too.,"Dear Coach Bergström,

Thank you for teaching me how to disagree with someone without making it about them. It mattered to me.

— Kenji",I built a static analysis pass that flags database queries inside loops. I would like to get properly good at databases rather than superstitious about them.,"I would talk about competitive dog agility, which I promise is a real sport. It is interesting.","BUAD 304, EE 109, MATH 226, ITP 259; campus radio show ~2 hrs/week; another club board position ~5 hrs/week"
8/14/2026 13:53:16,malik.halvorsen@usc.edu,3452793401,Malik Halvorsen,Cognitive Science,Mathematics,2030,he/him/his,Male,Asian,https://drive.google.com/open?id=1iIkkKbsl-UOoA6vhdrkabtMHUMB6w8DJ,,Designer,"I did not expect to care about how few girls stayed in my school's robotics club, and then I spent a summer close to it. It is the kind of problem that never becomes urgent enough to fix, so it just quietly costs people hours every week forever. I interviewed fourteen people before I wrote a single line of code. I learned that a solution nobody adopts is worth less than no solution at all.","The community I belonged to was a Discord server for a game that died years ago, and it took me a year to notice it had become one. People turned up for each other's unrelated stuff — recitals, matches, one memorably grim moving day — and that is the part I did not appreciate until it stopped. It ran on a hundred small favours nobody kept score of. I would like to bring the part where the newest person is asked first.","Dear Professor Fujimoto,

Thank you for teaching me that I was allowed to start things without permission. You gave me a job that was slightly too hard on purpose and then made it obvious you were nearby. I have never had a better arrangement. I did not understand why it mattered until much later, when I caught myself doing it without deciding to.

— Malik","I built an inventory app for my family's restaurant, written in Django one summer. Go for the service, Figma for the parts I should not have been trusted with. What surprised me was the maintenance cost; I had thought of shipping as the finish line. I am keen to work on something with real users and real consequences for once.",I would talk about how to sight-read music badly but confidently. It is the only thing I can talk about for ten minutes with no notes.,"CSCI 104, CSCI 170, CSCI 356, CSCI 103; another club board position ~5 hrs/week; campus radio show ~2 hrs/week"
8/14/2026 14:04:02,noor.odonnell@usc.edu,9311908726,Noor O'Donnell,Applied and Computational Mathematics,,2029,he/him/his,Male,American Indian or Alaska Native,https://drive.google.com/open?id=1ZOQxZoFbAQyY5Pc5CtnyHfNFhdfw5E0-,,Designer,"I did not expect to care about the paperwork small nonprofits drown in, and then I spent a summer close to it. The version of it I know best is narrow — one office, one process, maybe two hundred people affected — but I could see the whole shape of it from there. I ran a pilot with one classroom before asking the district for anything. It taught me to make the first version much smaller than I wanted to.","I found it in a community garden run entirely by retirees and me, which is not where I expected to find it. We had almost nothing. One working laptop, a whiteboard somebody had rescued from a skip, and a standing agreement that you cleaned up whether or not it was your mess. Nobody there cared what I was good at yet, only whether I showed up. The thing worth carrying over is that nobody there performed competence they did not have.","Dear Coach Volkov,

Thank you for teaching me that the person who asks the naive question is doing everyone a favour. You told me once, fairly bluntly, that I was hiding behind how much I had read. It was the most useful unkind thing anyone has said to me. I did not understand why it mattered until much later, when I caught myself doing it without deciding to.

— Noor","I built an inventory app for my family's restaurant, written in Django one summer. TypeScript, a lot of SQL, and more shell scripting than I expected. What surprised me was the maintenance cost; I had thought of shipping as the finish line. I want to get better at systems design and at reading other people's code quickly.",I would talk about why my hometown has three names. I want an excuse to finally make the slides.,"ITP 259, MATH 226, CSCI 356; part-time job ~12 hrs/week"
8/14/2026 14:31:13,greta.adeyemi@usc.edu,8683317480,Greta Adeyemi,Computer Science,Music Recording,2027,he/him/his,Female,White,https://drive.google.com/open?id=167EZ6Gf-xwNhXRlx_MDRpEeohHfBGyO4,https://www.linkedin.com/in/gretaadeyemi/,Designer,"The problem I keep coming back to is how volunteer tutoring gets matched, mostly because I watched it up close. It is the kind of problem that never becomes urgent enough to fix, so it just quietly costs people hours every week forever. I ran a pilot with one classroom before asking the district for anything. I learned that a solution nobody adopts is worth less than no solution at all.","A 6am swim squad nobody else wanted to join is the honest answer, even though it is not the impressive one. The whole thing ran on Sunday evenings, which meant everyone there had chosen it over something easier. We shared tools and, more importantly, shared credit. The thing worth carrying over is that nobody there performed competence they did not have.","Dear Professor Kowalski,

Thank you for teaching me how to disagree with someone without making it about them. You told me once, fairly bluntly, that I was hiding behind how much I had read. It was the most useful unkind thing anyone has said to me. I did not understand why it mattered until much later, when I caught myself doing it without deciding to.

— Greta","I built a static analysis pass that flags database queries inside loops. TypeScript, a lot of SQL, and more shell scripting than I expected. The useful part was sitting with the people using it rather than asking them what they wanted in the abstract. I am eager to learn more about accessibility work and about testing that is actually worth maintaining.","I would talk about how to read a subway map, and why almost every city gets it wrong. It is the only thing I can talk about for ten minutes with no notes.","PSYC 314, MATH 225, CSCI 356; research assistantship ~8 hrs/week; part-time job ~12 hrs/week"
8/14/2026 15:17:09,malik.costa@usc.edu,8230429308,Malik Costa,Computer Science and Business Administration,Mathematics,2028,she/her/hers,Male,Hispanic or Latino,https://drive.google.com/open?id=19POuflSyi8QjIhOXs_vAiVfXUIs8BI83,,Product Manager,"How hard it is to find mental health care is the problem I have actually done something about, so it is the one I will write about. I spent last summer working somewhere it was impossible to ignore, and the pattern was always the same: the people closest to it had known about it for years and had never been asked. I interviewed fourteen people before I wrote a single line of code. It saves them somewhere around five hours a week, which is not dramatic, but it is five hours a week that nobody has to argue for. The thing I got wrong was optimising for the outcome I could measure instead of the one that mattered.","I belonged to the kitchen of my family's restaurant, and I have spent a while trying to work out what made it work so I could reproduce it. The whole thing ran on Sunday evenings, which meant everyone there had chosen it over something easier. The rule was that whoever knew the least got to ask first. I would want to bring the norm that you can say you do not understand something in a room full of people nodding.","Dear Ms. Iqbal,

Thank you for teaching me that the person who asks the naive question is doing everyone a favour. You told me once, fairly bluntly, that I was hiding behind how much I had read. It was the most useful unkind thing anyone has said to me. I think about it more than almost anything else I was formally taught, and I have started passing it on badly, which I am told is how these things travel. I have not told you any of this, so consider this the version I would say badly in person.

— Malik","I built a static analysis pass that flags database queries inside loops. Swift for the app, and a Raspberry Pi doing something it was not designed for. I learned that the optimal schedule was the one everybody hated, because I had optimised for the wrong thing. I would like to get properly good at databases rather than superstitious about them.","I would talk about why the QWERTY story you have heard is wrong. Everyone thinks they already know this and nearly everyone is wrong. I would need about three slides and one prop, and I already own the prop.","MATH 407, MATH 225, CSCI 270, WRIT 150; another club board position ~5 hrs/week; research assistantship ~8 hrs/week"
8/14/2026 16:06:15,freya.serrano@usc.edu,8976880793,Freya Serrano,Physics,Music Recording,2029,they/them/theirs,Male,White,,,Developer,"I care about the way clinics schedule appointments, and I want to be precise about why rather than gesturing at it. I spent last summer working somewhere it was impossible to ignore, and the pattern was always the same: the people closest to it had known about it for years and had never been asked. I rebuilt their intake form so it stopped losing half the submissions. Two people still run it now that I have handed it over, which matters more to me than anything about how it was built. I learned to build the boring, durable version rather than the impressive one, because I would not be there in a year.","I belonged to a debate circuit that travelled by van, and I have spent a while trying to work out what made it work so I could reproduce it. People turned up for each other's unrelated stuff — recitals, matches, one memorably grim moving day — and that is the part I did not appreciate until it stopped. The rule was that whoever knew the least got to ask first. The thing I would carry in is that we lowered the bar to enter and raised it to stay, and both mattered.","Dear Ms. Andersen,

Thank you for teaching me how to disagree with someone without making it about them. There was a week where I was clearly out of my depth and you neither rescued me nor let me drown, which I now understand took actual restraint. I think about it more than almost anything else I was formally taught, and I have started passing it on badly, which I am told is how these things travel. I hope you are still doing it for whoever came after me.

— Freya","I built a compiler for a small statically typed language, continued well past the course. Mostly Python and Postgres, with enough React to be dangerous. I learned that the optimal schedule was the one everybody hated, because I had optimised for the wrong thing. I would like to get properly good at databases rather than superstitious about them.",I would talk about how to sight-read music badly but confidently. Everyone thinks they already know this and nearly everyone is wrong. There is a diagram involved and I think it gets an audible reaction.,"CSCI 270, ITP 259; campus radio show ~2 hrs/week"
8/14/2026 16:18:45,amina.halvorsen@usc.edu,7310884359,Amina Halvorsen,Environmental Studies,Social Entrepreneurship,2028,he/him/his,Female,Asian,https://drive.google.com/open?id=103qkzIMLu9OQRQLmXIpbnBp4uDr7A6hV,,Designer,"I got interested in how volunteer tutoring gets matched through a job I took for the money and stayed in for other reasons. What made it stick was realising that everybody involved was competent and well-meaning and it still did not work, which meant the problem was structural rather than anybody's fault. I organised a workshop and eleven people came to the first one. It taught me to make the first version much smaller than I wanted to.","A debate circuit that travelled by van is the honest answer, even though it is not the impressive one. People turned up for each other's unrelated stuff — recitals, matches, one memorably grim moving day — and that is the part I did not appreciate until it stopped. People stayed after to clean up without anyone organising it. What I would bring into CTC is that habit of making the entry cost low.","Dear Mr. Fujimoto,

Thank you for teaching me how to disagree with someone without making it about them. I remember you stopping a whole session because one person had not followed, and doing it in a way that made it obvious the fault was in the explanation rather than in them. I have tried to run every meeting I lead like that since. I did not understand why it mattered until much later, when I caught myself doing it without deciding to.

— Amina","I built a model predicting missed clinic appointments, so patients could be called the day before. Go for the service, Figma for the parts I should not have been trusted with. The lesson was about adoption, not analysis: the first version had a 30% false positive rate and people turned it off inside a week. I am keen to work on something with real users and real consequences for once.",I would talk about why my hometown has three names. Everyone thinks they already know this and nearly everyone is wrong.,"CSCI 170, WRIT 150, MATH 225, PSYC 314, CSCI 103; TA office hours ~6 hrs/week"
8/14/2026 16:22:44,aisha.rahman@usc.edu,3662936540,Aisha Rahman,International Relations,Data Analytics,2030,they/them/theirs,Female,Two or more races,https://drive.google.com/open?id=10sWHug7ZQkJQ-49QiiCZpO-ChAWscXHS,,Designer,"Transit deserts near campus is small compared to what people usually write about here, which is exactly why nobody had fixed it. It is the kind of problem that never becomes urgent enough to fix, so it just quietly costs people hours every week forever. I wrote a script that cut a four-hour manual process to about ten minutes. What I learned was that the technical part was never the hard part.","I found it in a Discord server for a game that died years ago, which is not where I expected to find it. I joined because a friend dragged me and stayed because within a month three people had asked me to explain something and taken the answer seriously. We shared tools and, more importantly, shared credit. The thing worth carrying over is that nobody there performed competence they did not have.","Dear Professor Bourdon,

Thank you for teaching me that being the least experienced person in a room is a resource, not a liability. You gave me a job that was slightly too hard on purpose and then made it obvious you were nearby. I have never had a better arrangement. I did not understand why it mattered until much later, when I caught myself doing it without deciding to.

— Aisha","I built a compiler for a small statically typed language, continued well past the course. Go for the service, Figma for the parts I should not have been trusted with. The lesson was about adoption, not analysis: the first version had a 30% false positive rate and people turned it off inside a week. I am keen to work on something with real users and real consequences for once.",I would talk about why my hometown has three names. Everyone thinks they already know this and nearly everyone is wrong.,"CSCI 270, CSCI 103, ITP 259, CSCI 104, CSCI 360; research assistantship ~8 hrs/week; another club board position ~5 hrs/week"
8/14/2026 16:33:51,freya.roy@usc.edu,7839475966,Freya Roy,Computer Engineering and Computer Science,Spanish,2027,she/her/hers,Male,Prefer not to say,https://drive.google.com/open?id=16nUy6gtAiyBPEE-0nphYWPalF9Y9zc40,,Designer,"The way clinics schedule appointments is small compared to what people usually write about here, which is exactly why nobody had fixed it. I had assumed somebody upstream was handling it. Nobody was, and the reason nobody was is that it belonged to no single person's job description. I rebuilt their intake form so it stopped losing half the submissions. I learned that a solution nobody adopts is worth less than no solution at all.","The community I belonged to was a community garden run entirely by retirees and me, and it took me a year to notice it had become one. We had almost nothing. One working laptop, a whiteboard somebody had rescued from a skip, and a standing agreement that you cleaned up whether or not it was your mess. Nobody there cared what I was good at yet, only whether I showed up. What I would bring into CTC is that habit of making the entry cost low.","Dear Ms. Aziz,

Thank you for teaching me that ""good enough, shipped"" beats ""perfect, someday"". You told me once, fairly bluntly, that I was hiding behind how much I had read. It was the most useful unkind thing anyone has said to me. I did not understand why it mattered until much later, when I caught myself doing it without deciding to.

— Freya","I built an inventory app for my family's restaurant, written in Django one summer. Java and C++ from coursework, Python and Django for anything I choose myself. I learned that the optimal schedule was the one everybody hated, because I had optimised for the wrong thing. I want to get better at systems design and at reading other people's code quickly.","I would talk about how to read a subway map, and why almost every city gets it wrong. Everyone thinks they already know this and nearly everyone is wrong.","CSCI 103, PSYC 314, MATH 407, EE 109; TA office hours ~6 hrs/week"
8/14/2026 16:40:49,leila.yilmaz@usc.edu,8615637273,Leila Yilmaz,Statistics,Music Recording,2028,he/him/his,Male,Hispanic or Latino,https://drive.google.com/open?id=10c-4BejAD-7XCLIWST2YUt7eAee5pFpo,,Designer,"I spent two years adjacent to transit deserts near campus before I felt entitled to an opinion about it. What made it stick was realising that everybody involved was competent and well-meaning and it still did not work, which meant the problem was structural rather than anybody's fault. I built a spreadsheet, then an actual tool, that matches donations to need. Two people still run it now that I have handed it over, which matters more to me than anything about how it was built. What stayed with me is how much of the work was earning enough trust to be allowed to help.","The community that shaped me most was the kitchen of my family's restaurant, mostly because it was bad at hierarchy. People turned up for each other's unrelated stuff — recitals, matches, one memorably grim moving day — and that is the part I did not appreciate until it stopped. The rule was that whoever knew the least got to ask first. I would want to bring the norm that you can say you do not understand something in a room full of people nodding.","Dear Mr. Bourdon,

Thank you for teaching me that I should write the thing down before I believe I understand it. I remember you stopping a whole session because one person had not followed, and doing it in a way that made it obvious the fault was in the explanation rather than in them. I have tried to run every meeting I lead like that since. I think about it more than almost anything else I was formally taught, and I have started passing it on badly, which I am told is how these things travel. I do not think you would remember any of this, which is sort of the point — it cost you very little and it rearranged how I work.

— Leila","I built a browser extension that strips recommendation feeds, now used by about 2,000 people. Java and C++ from coursework, Python and Django for anything I choose myself. The lesson was about adoption, not analysis: the first version had a 30% false positive rate and people turned it off inside a week. I am eager to learn more about accessibility work and about testing that is actually worth maintaining.","I would talk about how to sight-read music badly but confidently. It is the only thing I can talk about for ten minutes with no notes. I would need about three slides and one prop, and I already own the prop.","CSCI 360, CSCI 270; club soccer ~6 hrs/week"
8/14/2026 17:04:21,leila.serrano@usc.edu,2320955007,Leila Serrano,Applied and Computational Mathematics,Entrepreneurship,2027,he/him/his,Female,Black or African American,,https://www.linkedin.com/in/leilaserrano/,Developer,"I did not expect to care about transit deserts near campus, and then I spent a summer close to it. What made it stick was realising that everybody involved was competent and well-meaning and it still did not work, which meant the problem was structural rather than anybody's fault. I ran a pilot with one classroom before asking the district for anything. The lesson was that I should have asked the people doing the work before designing anything.","A robotics team that met in a borrowed garage is the honest answer, even though it is not the impressive one. There was no hierarchy to speak of, which sounds idealistic and was mostly just practical: whoever knew how to do the thing did the thing, and taught the next person. Nobody there cared what I was good at yet, only whether I showed up. What I would bring into CTC is that habit of making the entry cost low.","Dear Ms. Rahman,

Thank you for teaching me that a wrong answer said out loud is worth more than a right one kept quiet. You told me once, fairly bluntly, that I was hiding behind how much I had read. It was the most useful unkind thing anyone has said to me. I did not understand why it mattered until much later, when I caught myself doing it without deciding to.

— Leila","I built a parser for a niche scientific file format, now with eight regular bug reporters. Mostly Python and Postgres, with enough React to be dangerous. I learned that the optimal schedule was the one everybody hated, because I had optimised for the wrong thing. I want to learn how to scope a project so it can ship in a semester.",I would talk about the physics of why bad coffee tastes bad. I want an excuse to finally make the slides.,"PSYC 314, MATH 407, DSCI 351; marching band ~10 hrs/week; intramural volleyball ~3 hrs/week"
8/14/2026 17:55:00,noor.sadiq@usc.edu,8325855773,Noor Sadiq,Industrial and Systems Engineering,,2030,he/him/his,Male,Two or more races,https://drive.google.com/open?id=1IJuH7BM0VnkRtIWFvxiiNHcAhbCMG0He,,Product Manager,"The cost of textbooks is small compared to what people usually write about here, which is exactly why nobody had fixed it. I spent last summer working somewhere it was impossible to ignore, and the pattern was always the same: the people closest to it had known about it for years and had never been asked. I organised a workshop and eleven people came to the first one. I learned that a solution nobody adopts is worth less than no solution at all.","The community I belonged to was a debate circuit that travelled by van, and it took me a year to notice it had become one. I joined because a friend dragged me and stayed because within a month three people had asked me to explain something and taken the answer seriously. We shared tools and, more importantly, shared credit. The thing worth carrying over is that nobody there performed competence they did not have.","Dear Mr. Ellis,

Thank you for teaching me how to disagree with someone without making it about them. There was a week where I was clearly out of my depth and you neither rescued me nor let me drown, which I now understand took actual restraint. I did not understand why it mattered until much later, when I caught myself doing it without deciding to.

— Noor","I built an inventory app for my family's restaurant, written in Django one summer. Go for the service, Figma for the parts I should not have been trusted with. I learned that the optimal schedule was the one everybody hated, because I had optimised for the wrong thing. I would like to get properly good at databases rather than superstitious about them.",I would talk about why every restaurant menu is designed badly on purpose. It is the only thing I can talk about for ten minutes with no notes.,"CSCI 356, CSCI 360; campus radio show ~2 hrs/week"
8/14/2026 17:57:47,niko.costa@usc.edu,7498868501,Niko Costa,Communication,Data Analytics,2027,she/her/hers,Male,Hispanic or Latino,https://drive.google.com/open?id=12zcZrQdMJO4yn6xLKXn2haq8VElfPznl,https://www.linkedin.com/in/nikocosta/,Developer,"The problem I keep coming back to is food waste in dining halls, mostly because I watched it up close. I spent last summer working somewhere it was impossible to ignore, and the pattern was always the same: the people closest to it had known about it for years and had never been asked. I trained two other volunteers so it would survive me graduating. The lesson was that I should have asked the people doing the work before designing anything.","A Discord server for a game that died years ago is the honest answer, even though it is not the impressive one. People turned up for each other's unrelated stuff — recitals, matches, one memorably grim moving day — and that is the part I did not appreciate until it stopped. The rule was that whoever knew the least got to ask first. The thing worth carrying over is that nobody there performed competence they did not have.","Dear Ms. Reyes,

Thank you for teaching me that being the least experienced person in a room is a resource, not a liability. I remember you stopping a whole session because one person had not followed, and doing it in a way that made it obvious the fault was in the explanation rather than in them. I have tried to run every meeting I lead like that since. I did not understand why it mattered until much later, when I caught myself doing it without deciding to.

— Niko","I built a research assistantship cleaning sensor data nobody had documented. Swift for the app, and a Raspberry Pi doing something it was not designed for. What surprised me was the maintenance cost; I had thought of shipping as the finish line. I am eager to learn more about accessibility work and about testing that is actually worth maintaining.",I would talk about the physics of why bad coffee tastes bad. It changed how I look at a city and I want to inflict that on other people.,"CSCI 201, CSCI 104, PSYC 314; TA office hours ~6 hrs/week"
8/14/2026 18:02:01,tariq.almeida@usc.edu,7573079152,Tariq Almeida,Electrical Engineering,Occupational Science,2028,she/her/hers,Prefer not to say,Prefer not to say,https://drive.google.com/open?id=1clbiAigOa26LacEaxLQJfkn2waHGFwDJ,,Developer,"I care about the cost of textbooks, and I want to be precise about why rather than gesturing at it. I had assumed somebody upstream was handling it. Nobody was, and the reason nobody was is that it belonged to no single person's job description. I organised a workshop and eleven people came to the first one. The first version was worse than the spreadsheet it replaced, which was humbling and useful in roughly equal measure. I learned to build the boring, durable version rather than the impressive one, because I would not be there in a year.","The community that shaped me most was a community garden run entirely by retirees and me, mostly because it was bad at hierarchy. People turned up for each other's unrelated stuff — recitals, matches, one memorably grim moving day — and that is the part I did not appreciate until it stopped. We shared tools and, more importantly, shared credit. I would want to bring the norm that you can say you do not understand something in a room full of people nodding.","Dear Mr. Venkatesan,

Thank you for teaching me how to disagree with someone without making it about them. You gave me a job that was slightly too hard on purpose and then made it obvious you were nearby. I have never had a better arrangement. I think about it more than almost anything else I was formally taught, and I have started passing it on badly, which I am told is how these things travel. I do not think you would remember any of this, which is sort of the point — it cost you very little and it rearranged how I work.

— Tariq","I built a model predicting missed clinic appointments, so patients could be called the day before. Java and C++ from coursework, Python and Django for anything I choose myself. The lesson was about adoption, not analysis: the first version had a 30% false positive rate and people turned it off inside a week. I want to get better at systems design and at reading other people's code quickly.","I would talk about what actually happens when you flush on an aeroplane. Everyone thinks they already know this and nearly everyone is wrong. I would keep it to four minutes and take questions, because the questions are better than the talk.","CSCI 360, CSCI 170, MATH 225, WRIT 150, MATH 407; research assistantship ~8 hrs/week"
8/14/2026 20:09:36,paloma.pereira@usc.edu,7494161329,Paloma Pereira,Biomedical Engineering,Design,2030,he/him/his,Male,Two or more races,https://drive.google.com/open?id=1Q1n-g1z8qp6TxCZ9RC3c6GXQhpS0l3Yg,,Developer,"I did not expect to care about how volunteer tutoring gets matched, and then I spent a summer close to it. I spent last summer working somewhere it was impossible to ignore, and the pattern was always the same: the people closest to it had known about it for years and had never been asked. I trained two other volunteers so it would survive me graduating. The lesson was that I should have asked the people doing the work before designing anything.","My high school's stage crew is the honest answer, even though it is not the impressive one. The whole thing ran on Sunday evenings, which meant everyone there had chosen it over something easier. It ran on a hundred small favours nobody kept score of. I would like to bring the part where the newest person is asked first.","Dear Professor Rahman,

Thank you for teaching me that I should write the thing down before I believe I understand it. You gave me a job that was slightly too hard on purpose and then made it obvious you were nearby. I have never had a better arrangement. I did not understand why it mattered until much later, when I caught myself doing it without deciding to.

— Paloma","I built a research assistantship cleaning sensor data nobody had documented. TypeScript, a lot of SQL, and more shell scripting than I expected. What surprised me was the maintenance cost; I had thought of shipping as the finish line. I would like to get properly good at databases rather than superstitious about them.",I would talk about the surprisingly bitter world of competitive crossword construction. It changed how I look at a city and I want to inflict that on other people.,"ITP 259, CSCI 170, CSCI 104, DSCI 351; marching band ~10 hrs/week; tutoring ~4 hrs/week"
8/14/2026 20:46:45,andres.sadiq@usc.edu,8344995763,Andres Sadiq,"Economics, Mathematics",Computer Programming,2029,she/her/hers,Male,Hispanic or Latino,https://drive.google.com/open?id=1-nFYv0ddlq9Xh3H-3BotpiWdqyEgbeqQ,,Designer,"How few girls stayed in my school's robotics club is small compared to what people usually write about here, which is exactly why nobody had fixed it. It is the kind of problem that never becomes urgent enough to fix, so it just quietly costs people hours every week forever. I rebuilt their intake form so it stopped losing half the submissions. The lesson was that I should have asked the people doing the work before designing anything.","The community I belonged to was the kitchen of my family's restaurant, and it took me a year to notice it had become one. People turned up for each other's unrelated stuff — recitals, matches, one memorably grim moving day — and that is the part I did not appreciate until it stopped. People stayed after to clean up without anyone organising it. I would like to bring the part where the newest person is asked first.","Dear Coach Bello,

Thank you for teaching me how to disagree with someone without making it about them. You told me once, fairly bluntly, that I was hiding behind how much I had read. It was the most useful unkind thing anyone has said to me. I did not understand why it mattered until much later, when I caught myself doing it without deciding to.

— Andres","I built a browser extension that strips recommendation feeds, now used by about 2,000 people. Mostly Python and Postgres, with enough React to be dangerous. It taught me that a tool nobody trusts is worse than no tool, because it burns the next person's credibility too. I want to learn how to scope a project so it can ship in a semester.","I would talk about how to read a subway map, and why almost every city gets it wrong. It is the only thing I can talk about for ten minutes with no notes.","BUAD 304, WRIT 150, CSCI 360, MATH 225, CSCI 270; intramural volleyball ~3 hrs/week"
8/14/2026 20:50:52,lucas.hoffmann@usc.edu,1526078375,Lucas Hoffmann,Biomedical Engineering,Public Health,2029,she/her/hers,Female,Asian,https://drive.google.com/open?id=1HQRHscxJx7tInCFhjjsZtyMWyWMUFH-C,,Product Manager,Something I care about is the way clinics schedule appointments. I want to keep working on things like this.,The community I would pick is a community garden run entirely by retirees and me. I think CTC has that too.,"Dear Mr. Brandt,

Thank you for teaching me how to disagree with someone without making it about them. It mattered to me.

— Lucas","I built a parser for a niche scientific file format, now with eight regular bug reporters. I am eager to learn more about accessibility work and about testing that is actually worth maintaining.",I would talk about why my hometown has three names. It is interesting.,"CSCI 356, CSCI 103, CSCI 104; intramural volleyball ~3 hrs/week"
8/14/2026 20:55:01,elena.bergstrom@usc.edu,3060774047,Elena Bergström,Statistics,,2030,she/her/hers,Female,Black or African American,https://drive.google.com/open?id=1RDjbNO9yIdekCtVMBpIRJPgRp0kmrazQ,https://www.linkedin.com/in/elenabergstrm/,Developer,"I did not expect to care about food waste in dining halls, and then I spent a summer close to it. I spent last summer working somewhere it was impossible to ignore, and the pattern was always the same: the people closest to it had known about it for years and had never been asked. I rebuilt their intake form so it stopped losing half the submissions. What I learned was that the technical part was never the hard part.","The community I belonged to was a Discord server for a game that died years ago, and it took me a year to notice it had become one. The whole thing ran on Sunday evenings, which meant everyone there had chosen it over something easier. Nobody there cared what I was good at yet, only whether I showed up. What I would bring into CTC is that habit of making the entry cost low.","Dear Dr. Bourdon,

Thank you for teaching me that being the least experienced person in a room is a resource, not a liability. You told me once, fairly bluntly, that I was hiding behind how much I had read. It was the most useful unkind thing anyone has said to me. I did not understand why it mattered until much later, when I caught myself doing it without deciding to.

— Elena","I built a compiler for a small statically typed language, continued well past the course. Java and C++ from coursework, Python and Django for anything I choose myself. It taught me that a tool nobody trusts is worse than no tool, because it burns the next person's credibility too. I would like to get properly good at databases rather than superstitious about them.","I would talk about competitive dog agility, which I promise is a real sport. It changed how I look at a city and I want to inflict that on other people.","CSCI 201, ITP 259, EE 109; part-time job ~12 hrs/week; another club board position ~5 hrs/week"
8/14/2026 21:05:07,rosa.molina@usc.edu,4808182807,Rosa Molina,Industrial and Systems Engineering,Entrepreneurship,2029,she/her/hers,Female,White,,https://www.linkedin.com/in/rosamolina/,Developer,"The problem I keep coming back to is how volunteer tutoring gets matched, mostly because I watched it up close. The version of it I know best is narrow — one office, one process, maybe two hundred people affected — but I could see the whole shape of it from there. I rebuilt their intake form so it stopped losing half the submissions. The lesson was that I should have asked the people doing the work before designing anything.","The community I belonged to was the kitchen of my family's restaurant, and it took me a year to notice it had become one. People turned up for each other's unrelated stuff — recitals, matches, one memorably grim moving day — and that is the part I did not appreciate until it stopped. We shared tools and, more importantly, shared credit. The thing worth carrying over is that nobody there performed competence they did not have.","Dear Coach Iqbal,

Thank you for teaching me that ""good enough, shipped"" beats ""perfect, someday"". The specific moment I keep returning to is the afternoon I handed in something I knew was mediocre, and instead of grading it you asked me what I would change if I had another week. I did not have an answer, which was the point. I did not understand why it mattered until much later, when I caught myself doing it without deciding to.

— Rosa","I built an inventory app for my family's restaurant, written in Django one summer. Mostly Python and Postgres, with enough React to be dangerous. I learned that the optimal schedule was the one everybody hated, because I had optimised for the wrong thing. I would like to get properly good at databases rather than superstitious about them.",I would talk about how to sight-read music badly but confidently. It is the only thing I can talk about for ten minutes with no notes.,"CSCI 356, EE 109, MATH 407; intramural volleyball ~3 hrs/week"
8/14/2026 21:15:17,hana.marchetti@usc.edu,1139943578,Hana Marchetti,Design,Occupational Science,2027,she/her/hers,Male,Hispanic or Latino,,,Developer,"I got interested in how few girls stayed in my school's robotics club through a job I took for the money and stayed in for other reasons. I spent last summer working somewhere it was impossible to ignore, and the pattern was always the same: the people closest to it had known about it for years and had never been asked. I interviewed fourteen people before I wrote a single line of code. I learned that a solution nobody adopts is worth less than no solution at all.","The community I belonged to was a church youth orchestra with no conductor, and it took me a year to notice it had become one. People turned up for each other's unrelated stuff — recitals, matches, one memorably grim moving day — and that is the part I did not appreciate until it stopped. Nobody there cared what I was good at yet, only whether I showed up. What I would bring into CTC is that habit of making the entry cost low.","Dear Mr. Lindqvist,

Thank you for teaching me that ""good enough, shipped"" beats ""perfect, someday"". The specific moment I keep returning to is the afternoon I handed in something I knew was mediocre, and instead of grading it you asked me what I would change if I had another week. I did not have an answer, which was the point. I did not understand why it mattered until much later, when I caught myself doing it without deciding to.

— Hana","I built a research assistantship cleaning sensor data nobody had documented. Go for the service, Figma for the parts I should not have been trusted with. The lesson was about adoption, not analysis: the first version had a 30% false positive rate and people turned it off inside a week. I want to get better at systems design and at reading other people's code quickly.","I would talk about how to fold a fitted sheet, performed live and with stakes. It changed how I look at a city and I want to inflict that on other people.","CSCI 170, CSCI 201; campus radio show ~2 hrs/week"
8/14/2026 21:19:07,arjun.bello@usc.edu,6396979868,Arjun Bello,Psychology,Occupational Science,2029,,Male,Asian,https://drive.google.com/open?id=1TLWP9JkPXz0CyMuFoa_-gFSEmxFbD-ba,,Designer,"I got interested in digital literacy for older adults through a job I took for the money and stayed in for other reasons. I spent last summer working somewhere it was impossible to ignore, and the pattern was always the same: the people closest to it had known about it for years and had never been asked. I rebuilt their intake form so it stopped losing half the submissions. I learned that a solution nobody adopts is worth less than no solution at all.","A Discord server for a game that died years ago is the honest answer, even though it is not the impressive one. We had almost nothing. One working laptop, a whiteboard somebody had rescued from a skip, and a standing agreement that you cleaned up whether or not it was your mess. It was the first place where being confused out loud was normal. I would like to bring the part where the newest person is asked first.","Dear Ms. Watanabe,

Thank you for teaching me that I should write the thing down before I believe I understand it. The specific moment I keep returning to is the afternoon I handed in something I knew was mediocre, and instead of grading it you asked me what I would change if I had another week. I did not have an answer, which was the point. I did not understand why it mattered until much later, when I caught myself doing it without deciding to.

— Arjun","I built a scheduling tool for the volunteer tutoring programme I coordinate. Mostly Python and Postgres, with enough React to be dangerous. The lesson was about adoption, not analysis: the first version had a 30% false positive rate and people turned it off inside a week. I am keen to work on something with real users and real consequences for once.",I would talk about how to sight-read music badly but confidently. I want an excuse to finally make the slides.,"PSYC 314, EE 109, CSCI 356, MATH 407; TA office hours ~6 hrs/week; club soccer ~6 hrs/week"
8/14/2026 21:26:41,sofia.zhou@usc.edu,5095807674,Sofia Zhou,Cognitive Science,Data Analytics,2028,he/him/his,Female,Middle Eastern or North African,https://drive.google.com/open?id=1n33xbrtvQAhmarNsAsCz4wRDjmLCMy7X,,Developer,"The cost of textbooks is the problem I have actually done something about, so it is the one I will write about. The version of it I know best is narrow — one office, one process, maybe two hundred people affected — but I could see the whole shape of it from there. I interviewed fourteen people before I wrote a single line of code. It saves them somewhere around five hours a week, which is not dramatic, but it is five hours a week that nobody has to argue for. I learned to build the boring, durable version rather than the impressive one, because I would not be there in a year.","I belonged to the kitchen of my family's restaurant, and I have spent a while trying to work out what made it work so I could reproduce it. People turned up for each other's unrelated stuff — recitals, matches, one memorably grim moving day — and that is the part I did not appreciate until it stopped. We shared tools and, more importantly, shared credit. The thing I would carry in is that we lowered the bar to enter and raised it to stay, and both mattered.","Dear Professor Ferreira,

Thank you for teaching me how to disagree with someone without making it about them. I remember you stopping a whole session because one person had not followed, and doing it in a way that made it obvious the fault was in the explanation rather than in them. I have tried to run every meeting I lead like that since. I think about it more than almost anything else I was formally taught, and I have started passing it on badly, which I am told is how these things travel. I hope you are still doing it for whoever came after me.

— Sofia","I built a compiler for a small statically typed language, continued well past the course. TypeScript, a lot of SQL, and more shell scripting than I expected. I learned that the optimal schedule was the one everybody hated, because I had optimised for the wrong thing. I want to get better at systems design and at reading other people's code quickly.",I would talk about what actually happens when you flush on an aeroplane. I have given a version of this at a dinner table and it worked. There is a diagram involved and I think it gets an audible reaction.,"CSCI 104, CSCI 360; marching band ~10 hrs/week"
8/14/2026 21:40:06,omar.osei@usc.edu,6566948174,Omar Osei,Statistics,,2027,she/her/hers,Male,White,https://drive.google.com/open?id=1uHZ-VLnev_oDnGwjFPJaFqPrf_fv0ieM,https://www.linkedin.com/in/omarosei/,Developer,"I got interested in language access at the county courthouse through a job I took for the money and stayed in for other reasons. I had assumed somebody upstream was handling it. Nobody was, and the reason nobody was is that it belonged to no single person's job description. I organised a workshop and eleven people came to the first one. What I learned was that the technical part was never the hard part.","The kitchen of my family's restaurant is the honest answer, even though it is not the impressive one. I joined because a friend dragged me and stayed because within a month three people had asked me to explain something and taken the answer seriously. People stayed after to clean up without anyone organising it. The thing worth carrying over is that nobody there performed competence they did not have.","Dear Ms. Nasr,

Thank you for teaching me that I was allowed to start things without permission. There was a week where I was clearly out of my depth and you neither rescued me nor let me drown, which I now understand took actual restraint. I did not understand why it mattered until much later, when I caught myself doing it without deciding to.

— Omar","I built a screen reader plugin I shipped to roughly 60 users. Swift for the app, and a Raspberry Pi doing something it was not designed for. What surprised me was the maintenance cost; I had thought of shipping as the finish line. I am keen to work on something with real users and real consequences for once.",I would talk about the surprisingly bitter world of competitive crossword construction. Everyone thinks they already know this and nearly everyone is wrong.,"CSCI 201, DSCI 351, PSYC 314; research assistantship ~8 hrs/week"
8/14/2026 21:48:45,sofia.molina@usc.edu,7087686865,Sofia Molina,Cognitive Science,Entrepreneurship,2030,he/him/his,Female,Asian,https://drive.google.com/open?id=1Q8rjEo0_rGv1DiRIgTfvtbZH-XC_W_I2,https://www.linkedin.com/in/sofiamolina/,Developer,"I spent two years adjacent to how hard it is to find mental health care before I felt entitled to an opinion about it. I spent last summer working somewhere it was impossible to ignore, and the pattern was always the same: the people closest to it had known about it for years and had never been asked. I rebuilt their intake form so it stopped losing half the submissions. The first version was worse than the spreadsheet it replaced, which was humbling and useful in roughly equal measure. What I learned is that the most consequential decision in a project like this is usually not a technical one.","The community that shaped me most was my high school's stage crew, mostly because it was bad at hierarchy. The whole thing ran on Sunday evenings, which meant everyone there had chosen it over something easier. People stayed after to clean up without anyone organising it. The thing I would carry in is that we lowered the bar to enter and raised it to stay, and both mattered.","Dear Professor Volkov,

Thank you for teaching me that being the least experienced person in a room is a resource, not a liability. You gave me a job that was slightly too hard on purpose and then made it obvious you were nearby. I have never had a better arrangement. I think about it more than almost anything else I was formally taught, and I have started passing it on badly, which I am told is how these things travel. Thank you for it. I am still working out how to do the same for somebody else without being insufferable about it.

— Sofia","I built an inventory app for my family's restaurant, written in Django one summer. Java and C++ from coursework, Python and Django for anything I choose myself. The lesson was about adoption, not analysis: the first version had a 30% false positive rate and people turned it off inside a week. I am keen to work on something with real users and real consequences for once.","I would talk about what actually happens when you flush on an aeroplane. I want an excuse to finally make the slides. It ends with a genuinely unresolved argument, which I think is a better ending than a conclusion.","CSCI 270, CSCI 356, DSCI 351; TA office hours ~6 hrs/week; club soccer ~6 hrs/week"
8/14/2026 22:01:33,felix.ellis@usc.edu,9769599579,Felix Ellis,Cognitive Science,Applied Analytics,2029,he/him/his,Female,Asian,https://drive.google.com/open?id=1O1NGhvRU_URUO8h6z5JV9_5QA2I9euSK,,Product Manager,"The problem I keep coming back to is the cost of textbooks, mostly because I watched it up close. It is the kind of problem that never becomes urgent enough to fix, so it just quietly costs people hours every week forever. I rebuilt their intake form so it stopped losing half the submissions. What I learned was that the technical part was never the hard part.","I found it in a robotics team that met in a borrowed garage, which is not where I expected to find it. There was no hierarchy to speak of, which sounds idealistic and was mostly just practical: whoever knew how to do the thing did the thing, and taught the next person. Nobody there cared what I was good at yet, only whether I showed up. I would like to bring the part where the newest person is asked first.","Dear Coach Trần,

Thank you for teaching me that I was allowed to start things without permission. I remember you stopping a whole session because one person had not followed, and doing it in a way that made it obvious the fault was in the explanation rather than in them. I have tried to run every meeting I lead like that since. I did not understand why it mattered until much later, when I caught myself doing it without deciding to.

— Felix","I built a scheduling tool for the volunteer tutoring programme I coordinate. Java and C++ from coursework, Python and Django for anything I choose myself. What surprised me was the maintenance cost; I had thought of shipping as the finish line. I am eager to learn more about accessibility work and about testing that is actually worth maintaining.","I would talk about how to read a subway map, and why almost every city gets it wrong. It is the only thing I can talk about for ten minutes with no notes.","MATH 225, WRIT 150, CSCI 104, CSCI 270, DSCI 351; club soccer ~6 hrs/week"
8/14/2026 22:20:47,karim.costa@usc.edu,6139182932,Karim Costa,Design,Public Health,2030,she/her/hers,Male,Hispanic or Latino,https://drive.google.com/open?id=1y-iUSQ3WANAYKHC7-ywVzS_JetqHN8G8,,Developer,Something I care about is digital literacy for older adults. It taught me to keep going.,The community I would pick is a debate circuit that travelled by van. I hope to bring that energy to CTC.,"Dear Ms. O'Donnell,

Thank you for teaching me that being the least experienced person in a room is a resource, not a liability. It mattered to me.

— Karim",I built a scheduling tool for the volunteer tutoring programme I coordinate. I am eager to learn more about accessibility work and about testing that is actually worth maintaining.,"I would talk about how to fold a fitted sheet, performed live and with stakes. It is interesting.","BUAD 304, MATH 226; marching band ~10 hrs/week; intramural volleyball ~3 hrs/week"
8/14/2026 22:23:14,paloma.zaman@usc.edu,9658631904,Paloma Zaman,Environmental Studies,Mathematics,2028,she/her/hers,Male,White,https://drive.google.com/open?id=1f2rAwwahylenIqiQp6D21JbLzMHHVPAM,https://www.linkedin.com/in/palomazaman/,Developer,"The problem I keep coming back to is how volunteer tutoring gets matched, mostly because I watched it up close. It is the kind of problem that never becomes urgent enough to fix, so it just quietly costs people hours every week forever. I rebuilt their intake form so it stopped losing half the submissions. I learned that a solution nobody adopts is worth less than no solution at all.","The community I belonged to was a robotics team that met in a borrowed garage, and it took me a year to notice it had become one. I joined because a friend dragged me and stayed because within a month three people had asked me to explain something and taken the answer seriously. People stayed after to clean up without anyone organising it. What I would bring into CTC is that habit of making the entry cost low.","Dear Professor Nasr,

Thank you for teaching me that I should write the thing down before I believe I understand it. You gave me a job that was slightly too hard on purpose and then made it obvious you were nearby. I have never had a better arrangement. I did not understand why it mattered until much later, when I caught myself doing it without deciding to.

— Paloma","I built a browser extension that strips recommendation feeds, now used by about 2,000 people. Swift for the app, and a Raspberry Pi doing something it was not designed for. I learned that the optimal schedule was the one everybody hated, because I had optimised for the wrong thing. I am eager to learn more about accessibility work and about testing that is actually worth maintaining.",I would talk about how to sight-read music badly but confidently. I have given a version of this at a dinner table and it worked.,"CSCI 104, ITP 259; another club board position ~5 hrs/week; research assistantship ~8 hrs/week"
8/14/2026 22:33:28,amina.costa@usc.edu,8322173903,Amina Costa,Public Policy,,2029,he/him/his,Female,Hispanic or Latino,https://drive.google.com/open?id=1FghUPsc9324El2R_28xJM1ek0d6eNs0M,https://www.linkedin.com/in/aminacosta/,Designer,"The problem I keep coming back to is language access at the county courthouse, mostly because I watched it up close. What made it stick was realising that everybody involved was competent and well-meaning and it still did not work, which meant the problem was structural rather than anybody's fault. I wrote a script that cut a four-hour manual process to about ten minutes. What I learned was that the technical part was never the hard part.","A debate circuit that travelled by van is the honest answer, even though it is not the impressive one. I joined because a friend dragged me and stayed because within a month three people had asked me to explain something and taken the answer seriously. People stayed after to clean up without anyone organising it. What I would bring into CTC is that habit of making the entry cost low.","Dear Ms. Aziz,

Thank you for teaching me that a wrong answer said out loud is worth more than a right one kept quiet. There was a week where I was clearly out of my depth and you neither rescued me nor let me drown, which I now understand took actual restraint. I did not understand why it mattered until much later, when I caught myself doing it without deciding to.

— Amina","I built an internship on a payments team, mostly writing migrations and tests. Go for the service, Figma for the parts I should not have been trusted with. The lesson was about adoption, not analysis: the first version had a 30% false positive rate and people turned it off inside a week. I am eager to learn more about accessibility work and about testing that is actually worth maintaining.",I would talk about why every restaurant menu is designed badly on purpose. Everyone thinks they already know this and nearly everyone is wrong.,"CSCI 360, BUAD 304; another club board position ~5 hrs/week; club soccer ~6 hrs/week"
8/14/2026 22:35:00,bilal.farouk@usc.edu,8468322420,Bilal Farouk,Applied and Computational Mathematics,Cinematic Arts,2029,he/him/his,Female,Asian,https://drive.google.com/open?id=1sSnXzm3oVBGijHMsoWxovxqvo0JShlxH,https://www.linkedin.com/in/bilalfarouk/,Developer,"The cost of textbooks is small compared to what people usually write about here, which is exactly why nobody had fixed it. The version of it I know best is narrow — one office, one process, maybe two hundred people affected — but I could see the whole shape of it from there. I ran a pilot with one classroom before asking the district for anything. I learned that a solution nobody adopts is worth less than no solution at all.","A 6am swim squad nobody else wanted to join is the honest answer, even though it is not the impressive one. I joined because a friend dragged me and stayed because within a month three people had asked me to explain something and taken the answer seriously. It was the first place where being confused out loud was normal. I would like to bring the part where the newest person is asked first.","Dear Professor Trần,

Thank you for teaching me that I was allowed to start things without permission. I remember you stopping a whole session because one person had not followed, and doing it in a way that made it obvious the fault was in the explanation rather than in them. I have tried to run every meeting I lead like that since. I did not understand why it mattered until much later, when I caught myself doing it without deciding to.

— Bilal","I built a screen reader plugin I shipped to roughly 60 users. TypeScript, a lot of SQL, and more shell scripting than I expected. It taught me that a tool nobody trusts is worse than no tool, because it burns the next person's credibility too. I would like to get properly good at databases rather than superstitious about them.",I would talk about why the QWERTY story you have heard is wrong. I want an excuse to finally make the slides.,"CSCI 103, CSCI 104, WRIT 150; campus radio show ~2 hrs/week; part-time job ~12 hrs/week"
8/14/2026 22:36:08,leila.mwangi@usc.edu,7840315156,Leila Mwangi,International Relations,,2029,he/him/his,Male,Asian,https://drive.google.com/open?id=1jABUotBS0-H9-r2UBSViM0W_sjNxSNfI,https://www.linkedin.com/in/leilamwangi/,Developer,"Unclaimed produce at the farmers market is the problem I have actually done something about, so it is the one I will write about. It is the kind of problem that never becomes urgent enough to fix, so it just quietly costs people hours every week forever. I ran a pilot with one classroom before asking the district for anything. Two people still run it now that I have handed it over, which matters more to me than anything about how it was built. What stayed with me is how much of the work was earning enough trust to be allowed to help.",A Discord server for a game that died years ago taught me that belonging is built out of logistics more than sentiment. I joined because a friend dragged me and stayed because within a month three people had asked me to explain something and taken the answer seriously. The rule was that whoever knew the least got to ask first. I would want to bring the norm that you can say you do not understand something in a room full of people nodding.,"Dear Dr. Petrova,

Thank you for teaching me that being the least experienced person in a room is a resource, not a liability. The specific moment I keep returning to is the afternoon I handed in something I knew was mediocre, and instead of grading it you asked me what I would change if I had another week. I did not have an answer, which was the point. I think about it more than almost anything else I was formally taught, and I have started passing it on badly, which I am told is how these things travel. I have not told you any of this, so consider this the version I would say badly in person.

— Leila","I built a static analysis pass that flags database queries inside loops. Go for the service, Figma for the parts I should not have been trusted with. It taught me that a tool nobody trusts is worse than no tool, because it burns the next person's credibility too. I want to learn how to scope a project so it can ship in a semester.",I would talk about the correct way to argue about tipping. It is the only thing I can talk about for ten minutes with no notes. There is a diagram involved and I think it gets an audible reaction.,"ITP 259, CSCI 270; TA office hours ~6 hrs/week"
8/14/2026 22:36:35,yara.aziz@usc.edu,2403713732,Yara Aziz,"Computer Science, Linguistics",Social Entrepreneurship,2028,she/her/hers,Nonbinary,Two or more races,https://drive.google.com/open?id=1Sf7LFi8snWRPdkZFiLyypNbWGXUZAQNA,,Designer,"I got interested in the cost of textbooks through a job I took for the money and stayed in for other reasons. It is the kind of problem that never becomes urgent enough to fix, so it just quietly costs people hours every week forever. I rebuilt their intake form so it stopped losing half the submissions. I learned that a solution nobody adopts is worth less than no solution at all.","I found it in the overnight shift at a campus radio station, which is not where I expected to find it. People turned up for each other's unrelated stuff — recitals, matches, one memorably grim moving day — and that is the part I did not appreciate until it stopped. People stayed after to clean up without anyone organising it. The thing worth carrying over is that nobody there performed competence they did not have.","Dear Ms. Trần,

Thank you for teaching me that the person who asks the naive question is doing everyone a favour. You told me once, fairly bluntly, that I was hiding behind how much I had read. It was the most useful unkind thing anyone has said to me. I did not understand why it mattered until much later, when I caught myself doing it without deciding to.

— Yara","I built a compiler for a small statically typed language, continued well past the course. Go for the service, Figma for the parts I should not have been trusted with. It taught me that a tool nobody trusts is worse than no tool, because it burns the next person's credibility too. I want to get better at systems design and at reading other people's code quickly.",I would talk about the physics of why bad coffee tastes bad. I want an excuse to finally make the slides.,"CSCI 356, DSCI 351, CSCI 104, MATH 407, CSCI 270; marching band ~10 hrs/week"
8/14/2026 22:36:51,levi.ellis@usc.edu,2867867510,Levi Ellis,Biomedical Engineering,,2029,he/him/his,Nonbinary,Native Hawaiian or Other Pacific Islander,https://drive.google.com/open?id=1mgXPYFR7JPnYP9HPhTBeo3SYu3A3o6S8,,Product Manager,"How hard it is to find mental health care is small compared to what people usually write about here, which is exactly why nobody had fixed it. It is the kind of problem that never becomes urgent enough to fix, so it just quietly costs people hours every week forever. I started a weekly pickup that routes leftovers to a shelter downtown. It taught me to make the first version much smaller than I wanted to.","The community I belonged to was a robotics team that met in a borrowed garage, and it took me a year to notice it had become one. There was no hierarchy to speak of, which sounds idealistic and was mostly just practical: whoever knew how to do the thing did the thing, and taught the next person. We shared tools and, more importantly, shared credit. I would like to bring the part where the newest person is asked first.","Dear Dr. Nasser,

Thank you for teaching me that the person who asks the naive question is doing everyone a favour. I remember you stopping a whole session because one person had not followed, and doing it in a way that made it obvious the fault was in the explanation rather than in them. I have tried to run every meeting I lead like that since. I did not understand why it mattered until much later, when I caught myself doing it without deciding to.

— Levi","I built a compiler for a small statically typed language, continued well past the course. TypeScript, a lot of SQL, and more shell scripting than I expected. I learned that the optimal schedule was the one everybody hated, because I had optimised for the wrong thing. I would like to get properly good at databases rather than superstitious about them.",I would talk about why my hometown has three names. It changed how I look at a city and I want to inflict that on other people.,"PSYC 314, CSCI 360, DSCI 351, CSCI 103, CSCI 170; campus radio show ~2 hrs/week; part-time job ~12 hrs/week"
8/14/2026 22:47:13,karim.costa2@usc.edu,7730739240,Karim Costa,Psychology,Public Health,2028,he/him/his,Female,White,https://drive.google.com/open?id=1ItwdA25hmqHRFqvaDGIhDqs1RspgMjy_,https://www.linkedin.com/in/karimcosta/,Product Manager,"The problem I picked is the paperwork small nonprofits drown in, which sounds minor until you count how many hours it costs the people carrying it. I had assumed somebody upstream was handling it. Nobody was, and the reason nobody was is that it belonged to no single person's job description. I built a spreadsheet, then an actual tool, that matches donations to need. I was wrong about which part would be hard, and I was wrong in the direction of thinking the code mattered most. I learned to build the boring, durable version rather than the impressive one, because I would not be there in a year.","The community that shaped me most was a Discord server for a game that died years ago, mostly because it was bad at hierarchy. The whole thing ran on Sunday evenings, which meant everyone there had chosen it over something easier. It ran on a hundred small favours nobody kept score of. The thing I would carry in is that we lowered the bar to enter and raised it to stay, and both mattered.","Dear Coach Reyes,

Thank you for teaching me how to disagree with someone without making it about them. There was a week where I was clearly out of my depth and you neither rescued me nor let me drown, which I now understand took actual restraint. I think about it more than almost anything else I was formally taught, and I have started passing it on badly, which I am told is how these things travel. Thank you for it. I am still working out how to do the same for somebody else without being insufferable about it.

— Karim","I built a screen reader plugin I shipped to roughly 60 users. Swift for the app, and a Raspberry Pi doing something it was not designed for. The useful part was sitting with the people using it rather than asking them what they wanted in the abstract. I am keen to work on something with real users and real consequences for once.","I would talk about how to sight-read music badly but confidently. It changed how I look at a city and I want to inflict that on other people. I would keep it to four minutes and take questions, because the questions are better than the talk.","CSCI 356, CSCI 360, EE 109, PSYC 314; research assistantship ~8 hrs/week"
8/14/2026 22:51:02,arjun.novak@usc.edu,7516514901,Arjun Novak,Business Administration,Occupational Science,2028,he/him/his,Female,Asian,https://drive.google.com/open?id=1XQPj88eaDqLeYYkAwTZIm5PmiTjvRj5D,,Designer,"The problem I picked is the cost of textbooks, which sounds minor until you count how many hours it costs the people carrying it. The version of it I know best is narrow — one office, one process, maybe two hundred people affected — but I could see the whole shape of it from there. I started a weekly pickup that routes leftovers to a shelter downtown. It saves them somewhere around five hours a week, which is not dramatic, but it is five hours a week that nobody has to argue for. What stayed with me is how much of the work was earning enough trust to be allowed to help.","I belonged to a community garden run entirely by retirees and me, and I have spent a while trying to work out what made it work so I could reproduce it. People turned up for each other's unrelated stuff — recitals, matches, one memorably grim moving day — and that is the part I did not appreciate until it stopped. It was the first place where being confused out loud was normal. I would want to bring the norm that you can say you do not understand something in a room full of people nodding.","Dear Coach Khan,

Thank you for teaching me that a wrong answer said out loud is worth more than a right one kept quiet. I remember you stopping a whole session because one person had not followed, and doing it in a way that made it obvious the fault was in the explanation rather than in them. I have tried to run every meeting I lead like that since. I think about it more than almost anything else I was formally taught, and I have started passing it on badly, which I am told is how these things travel. I hope you are still doing it for whoever came after me.

— Arjun","I built a static analysis pass that flags database queries inside loops. Mostly Python and Postgres, with enough React to be dangerous. What surprised me was the maintenance cost; I had thought of shipping as the finish line. I want to get better at systems design and at reading other people's code quickly.","I would talk about how to fold a fitted sheet, performed live and with stakes. It changed how I look at a city and I want to inflict that on other people. It ends with a genuinely unresolved argument, which I think is a better ending than a conclusion.","CSCI 104, BUAD 304; part-time job ~12 hrs/week"
8/14/2026 22:54:38,leila.mensah@usc.edu,6441736976,Leila Mensah,Mechanical Engineering,,2029,he/him/his,Male,Hispanic or Latino,https://drive.google.com/open?id=19TD17AxjLkItv5-4EXozaR5BGlLP2naF,https://www.linkedin.com/in/leilamensah/,Designer,"I care about unclaimed produce at the farmers market, and I want to be precise about why rather than gesturing at it. What made it stick was realising that everybody involved was competent and well-meaning and it still did not work, which meant the problem was structural rather than anybody's fault. I organised a workshop and eleven people came to the first one. It saves them somewhere around five hours a week, which is not dramatic, but it is five hours a week that nobody has to argue for. What I learned is that the most consequential decision in a project like this is usually not a technical one.",The kitchen of my family's restaurant taught me that belonging is built out of logistics more than sentiment. I joined because a friend dragged me and stayed because within a month three people had asked me to explain something and taken the answer seriously. It ran on a hundred small favours nobody kept score of. I would want to bring the norm that you can say you do not understand something in a room full of people nodding.,"Dear Coach Venkatesan,

Thank you for teaching me that a wrong answer said out loud is worth more than a right one kept quiet. I remember you stopping a whole session because one person had not followed, and doing it in a way that made it obvious the fault was in the explanation rather than in them. I have tried to run every meeting I lead like that since. I think about it more than almost anything else I was formally taught, and I have started passing it on badly, which I am told is how these things travel. Thank you for it. I am still working out how to do the same for somebody else without being insufferable about it.

— Leila","I built a compiler for a small statically typed language, continued well past the course. TypeScript, a lot of SQL, and more shell scripting than I expected. It taught me that a tool nobody trusts is worse than no tool, because it burns the next person's credibility too. I want to get better at systems design and at reading other people's code quickly.","I would talk about how to sight-read music badly but confidently. It changed how I look at a city and I want to inflict that on other people. I would need about three slides and one prop, and I already own the prop.","EE 109, CSCI 103, WRIT 150, CSCI 170, CSCI 270; intramural volleyball ~3 hrs/week"
8/14/2026 23:09:07,mateo.rahman@usc.edu,3306098824,Mateo Rahman,Economics,Human-Centered Design,2029,he/him/his,Male,Asian,https://drive.google.com/open?id=15uOaOvZ_Mz9KU1trXUQJnEaX29rojnw3,,Developer,The problem I would pick is how hard it is to find mental health care. It was a good experience overall.,The community I would pick is a debate circuit that travelled by van. I think CTC has that too.,"Dear Coach Farouk,

Thank you for teaching me that ""good enough, shipped"" beats ""perfect, someday"". It mattered to me.

— Mateo",I built a static analysis pass that flags database queries inside loops. I want to get better at systems design and at reading other people's code quickly.,I would talk about why my hometown has three names. It is interesting.,"WRIT 150, CSCI 201, MATH 226; campus radio show ~2 hrs/week"
8/14/2026 23:18:13,camila.brandt@usc.edu,8164902552,Camila Brandt,International Relations,Music Recording,2030,he/him/his,Prefer not to say,White,https://drive.google.com/open?id=1XzacNGF8Zs6eyiXZf4_OdP4_9sQkg1eO,https://www.linkedin.com/in/camilabrandt/,Developer,The problem I would pick is digital literacy for older adults. I want to keep working on things like this.,A robotics team that met in a borrowed garage was my community. I want to bring that to the CTC family.,"Dear Professor Duarte,

Thank you for teaching me that ""good enough, shipped"" beats ""perfect, someday"". It mattered to me.

— Camila","I built a compiler for a small statically typed language, continued well past the course. I am keen to work on something with real users and real consequences for once.",I would talk about why my hometown has three names. It is interesting.,"BUAD 304, MATH 226, EE 109, CSCI 201; tutoring ~4 hrs/week"
8/14/2026 23:20:46,ingrid.guerrero@usc.edu,2125749876,Ingrid Guerrero,Computer Science,Mathematics,2030,she/her/hers,Male,White,https://drive.google.com/open?id=1n88LiO2pDfbF1J-2aI34TQyx_X_vjU0m,,Developer,"The problem I keep coming back to is transit deserts near campus, mostly because I watched it up close. I spent last summer working somewhere it was impossible to ignore, and the pattern was always the same: the people closest to it had known about it for years and had never been asked. I organised a workshop and eleven people came to the first one. I learned that a solution nobody adopts is worth less than no solution at all.","The community I belonged to was a debate circuit that travelled by van, and it took me a year to notice it had become one. There was no hierarchy to speak of, which sounds idealistic and was mostly just practical: whoever knew how to do the thing did the thing, and taught the next person. It ran on a hundred small favours nobody kept score of. The thing worth carrying over is that nobody there performed competence they did not have.","Dear Coach Brandt,

Thank you for teaching me how to disagree with someone without making it about them. You told me once, fairly bluntly, that I was hiding behind how much I had read. It was the most useful unkind thing anyone has said to me. I did not understand why it mattered until much later, when I caught myself doing it without deciding to.

— Ingrid","I built a screen reader plugin I shipped to roughly 60 users. TypeScript, a lot of SQL, and more shell scripting than I expected. The lesson was about adoption, not analysis: the first version had a 30% false positive rate and people turned it off inside a week. I want to get better at systems design and at reading other people's code quickly.","I would talk about how to fold a fitted sheet, performed live and with stakes. I want an excuse to finally make the slides.","CSCI 360, CSCI 201, MATH 226, BUAD 304, MATH 407; marching band ~10 hrs/week; research assistantship ~8 hrs/week"
8/14/2026 23:20:51,bilal.andersen@usc.edu,3349786471,Bilal Andersen,Electrical Engineering,Public Health,2027,she/her/hers,Male,Hispanic or Latino,https://drive.google.com/open?id=1OoJbWWL8qb-kjPDeH-IiXAlRaAx34-zF,,Designer,"I did not expect to care about the way clinics schedule appointments, and then I spent a summer close to it. I had assumed somebody upstream was handling it. Nobody was, and the reason nobody was is that it belonged to no single person's job description. I wrote a script that cut a four-hour manual process to about ten minutes. I learned that a solution nobody adopts is worth less than no solution at all.","I found it in a church youth orchestra with no conductor, which is not where I expected to find it. People turned up for each other's unrelated stuff — recitals, matches, one memorably grim moving day — and that is the part I did not appreciate until it stopped. It was the first place where being confused out loud was normal. The thing worth carrying over is that nobody there performed competence they did not have.","Dear Professor Yilmaz,

Thank you for teaching me that being the least experienced person in a room is a resource, not a liability. There was a week where I was clearly out of my depth and you neither rescued me nor let me drown, which I now understand took actual restraint. I did not understand why it mattered until much later, when I caught myself doing it without deciding to.

— Bilal","I built a parser for a niche scientific file format, now with eight regular bug reporters. Java and C++ from coursework, Python and Django for anything I choose myself. It taught me that a tool nobody trusts is worse than no tool, because it burns the next person's credibility too. I am keen to work on something with real users and real consequences for once.","I would talk about how to read a subway map, and why almost every city gets it wrong. I have given a version of this at a dinner table and it worked.","CSCI 104, CSCI 170, CSCI 103, BUAD 304; intramural volleyball ~3 hrs/week"
8/14/2026 23:21:12,lin.kowalski@usc.edu,5287624525,Lin Kowalski,Music Industry,Data Analytics,2029,she/her/hers,Male,Black or African American,https://drive.google.com/open?id=1qtYFMjUoountAbinr0DVG5i1KFjOo6Jd,,Developer,Something I care about is unclaimed produce at the farmers market. It was a good experience overall.,The community I would pick is a mutual aid group that started as a group chat. I think CTC has that too.,"Dear Dr. Sokolov,

Thank you for teaching me that I was allowed to start things without permission. It mattered to me.

— Lin","I built a browser extension that strips recommendation feeds, now used by about 2,000 people. I want to get better at systems design and at reading other people's code quickly.",I would talk about the physics of why bad coffee tastes bad. It is interesting.,"CSCI 104, BUAD 304, DSCI 351, CSCI 356, ITP 259; campus radio show ~2 hrs/week; part-time job ~12 hrs/week"
8/14/2026 23:22:32,hassan.osei@usc.edu,9027670342,Hassan Osei,Music Industry,,2029,she/her/hers,Female,Asian,,,Product Manager,"Digital literacy for older adults is small compared to what people usually write about here, which is exactly why nobody had fixed it. It is the kind of problem that never becomes urgent enough to fix, so it just quietly costs people hours every week forever. I trained two other volunteers so it would survive me graduating. The lesson was that I should have asked the people doing the work before designing anything.","The community I belonged to was the overnight shift at a campus radio station, and it took me a year to notice it had become one. There was no hierarchy to speak of, which sounds idealistic and was mostly just practical: whoever knew how to do the thing did the thing, and taught the next person. It was the first place where being confused out loud was normal. The thing worth carrying over is that nobody there performed competence they did not have.","Dear Mr. Andersen,

Thank you for teaching me that I was allowed to start things without permission. I remember you stopping a whole session because one person had not followed, and doing it in a way that made it obvious the fault was in the explanation rather than in them. I have tried to run every meeting I lead like that since. I did not understand why it mattered until much later, when I caught myself doing it without deciding to.

— Hassan","I built a compiler for a small statically typed language, continued well past the course. Swift for the app, and a Raspberry Pi doing something it was not designed for. What surprised me was the maintenance cost; I had thought of shipping as the finish line. I am keen to work on something with real users and real consequences for once.",I would talk about the physics of why bad coffee tastes bad. It changed how I look at a city and I want to inflict that on other people.,"MATH 407, MATH 225; campus radio show ~2 hrs/week"
8/14/2026 23:23:03,greta.nwosu@usc.edu,6159591219,Greta Nwosu,Economics,Data Analytics,2029,he/him/his,Female,White,https://drive.google.com/open?id=1ZovCjZPk4xb2_zovBYbtSJp7y1Q3KS9y,https://www.linkedin.com/in/gretanwosu/,Developer,"I got interested in digital literacy for older adults through a job I took for the money and stayed in for other reasons. I spent last summer working somewhere it was impossible to ignore, and the pattern was always the same: the people closest to it had known about it for years and had never been asked. I trained two other volunteers so it would survive me graduating. It taught me to make the first version much smaller than I wanted to.","A church youth orchestra with no conductor is the honest answer, even though it is not the impressive one. I joined because a friend dragged me and stayed because within a month three people had asked me to explain something and taken the answer seriously. People stayed after to clean up without anyone organising it. What I would bring into CTC is that habit of making the entry cost low.","Dear Coach Ferreira,

Thank you for teaching me that ""good enough, shipped"" beats ""perfect, someday"". There was a week where I was clearly out of my depth and you neither rescued me nor let me drown, which I now understand took actual restraint. I did not understand why it mattered until much later, when I caught myself doing it without deciding to.

— Greta","I built a browser extension that strips recommendation feeds, now used by about 2,000 people. TypeScript, a lot of SQL, and more shell scripting than I expected. I learned that the optimal schedule was the one everybody hated, because I had optimised for the wrong thing. I am keen to work on something with real users and real consequences for once.",I would talk about why every restaurant menu is designed badly on purpose. Everyone thinks they already know this and nearly everyone is wrong.,"CSCI 201, MATH 226, CSCI 104; marching band ~10 hrs/week"
8/14/2026 23:26:35,greta.haddad@usc.edu,2547438827,Greta Haddad,Environmental Studies,Computer Programming,2028,he/him/his,Male,Native Hawaiian or Other Pacific Islander,https://drive.google.com/open?id=1JRPldXmdqyioLAq8M5oRvUDoKqpbGup8,,Developer,"I did not expect to care about the way clinics schedule appointments, and then I spent a summer close to it. What made it stick was realising that everybody involved was competent and well-meaning and it still did not work, which meant the problem was structural rather than anybody's fault. I built a spreadsheet, then an actual tool, that matches donations to need. I learned that a solution nobody adopts is worth less than no solution at all.","A community garden run entirely by retirees and me is the honest answer, even though it is not the impressive one. There was no hierarchy to speak of, which sounds idealistic and was mostly just practical: whoever knew how to do the thing did the thing, and taught the next person. It ran on a hundred small favours nobody kept score of. The thing worth carrying over is that nobody there performed competence they did not have.","Dear Mr. Molina,

Thank you for teaching me that I was allowed to start things without permission. You told me once, fairly bluntly, that I was hiding behind how much I had read. It was the most useful unkind thing anyone has said to me. I did not understand why it mattered until much later, when I caught myself doing it without deciding to.

— Greta","I built a browser extension that strips recommendation feeds, now used by about 2,000 people. TypeScript, a lot of SQL, and more shell scripting than I expected. The useful part was sitting with the people using it rather than asking them what they wanted in the abstract. I want to learn how to scope a project so it can ship in a semester.",I would talk about why my hometown has three names. I want an excuse to finally make the slides.,"CSCI 356, CSCI 104, DSCI 351, CSCI 270; another club board position ~5 hrs/week"
8/14/2026 23:28:19,adaeze.serrano@usc.edu,3446273961,Adaeze Serrano,Psychology,Music Recording,2029,he/him/his,Male,White,https://drive.google.com/open?id=1urGvvq0-gaJ3jSteFkSJyR09XWUOMEEC,,Developer,"I got interested in how few girls stayed in my school's robotics club through a job I took for the money and stayed in for other reasons. I spent last summer working somewhere it was impossible to ignore, and the pattern was always the same: the people closest to it had known about it for years and had never been asked. I trained two other volunteers so it would survive me graduating. The lesson was that I should have asked the people doing the work before designing anything.","The kitchen of my family's restaurant is the honest answer, even though it is not the impressive one. There was no hierarchy to speak of, which sounds idealistic and was mostly just practical: whoever knew how to do the thing did the thing, and taught the next person. The rule was that whoever knew the least got to ask first. The thing worth carrying over is that nobody there performed competence they did not have.","Dear Professor Silva,

Thank you for teaching me that the person who asks the naive question is doing everyone a favour. I remember you stopping a whole session because one person had not followed, and doing it in a way that made it obvious the fault was in the explanation rather than in them. I have tried to run every meeting I lead like that since. I did not understand why it mattered until much later, when I caught myself doing it without deciding to.

— Adaeze","I built an inventory app for my family's restaurant, written in Django one summer. Java and C++ from coursework, Python and Django for anything I choose myself. What surprised me was the maintenance cost; I had thought of shipping as the finish line. I would like to get properly good at databases rather than superstitious about them.",I would talk about how to sight-read music badly but confidently. I have given a version of this at a dinner table and it worked.,"MATH 225, CSCI 201, CSCI 356, MATH 407, WRIT 150; part-time job ~12 hrs/week"
8/14/2026 23:32:05,mateo.halvorsen@usc.edu,7481104040,Mateo Halvorsen,Computer Engineering and Computer Science,Cinematic Arts,2028,he/they,Prefer not to say,Hispanic or Latino,https://drive.google.com/open?id=1TlfT3NZZhv1__4Yz7KkaPHyb4Rx0y_38,https://www.linkedin.com/in/mateohalvorsen/,Developer,Something I care about is how few girls stayed in my school's robotics club. It taught me to keep going.,A church youth orchestra with no conductor was my community. I want to bring that to the CTC family.,"Dear Professor Cabrera,

Thank you for teaching me that I should write the thing down before I believe I understand it. It mattered to me.

— Mateo",I built a research assistantship cleaning sensor data nobody had documented. I want to get better at systems design and at reading other people's code quickly.,"I would talk about how to fold a fitted sheet, performed live and with stakes. It is interesting.","ITP 259, MATH 226, CSCI 201, CSCI 356, MATH 407; TA office hours ~6 hrs/week"
8/14/2026 23:38:28,valeria.pereira@usc.edu,7774550283,Valeria Pereira,Environmental Studies,Spanish,2030,she/her/hers,Male,Black or African American,https://drive.google.com/open?id=1iMUgEg8YPEyIc6HGuevNOImpc75DDybC,,Designer,"I did not expect to care about how volunteer tutoring gets matched, and then I spent a summer close to it. I had assumed somebody upstream was handling it. Nobody was, and the reason nobody was is that it belonged to no single person's job description. I ran a pilot with one classroom before asking the district for anything. What I learned was that the technical part was never the hard part.","I found it in a debate circuit that travelled by van, which is not where I expected to find it. We had almost nothing. One working laptop, a whiteboard somebody had rescued from a skip, and a standing agreement that you cleaned up whether or not it was your mess. People stayed after to clean up without anyone organising it. The thing worth carrying over is that nobody there performed competence they did not have.","Dear Coach Bergström,

Thank you for teaching me that I should write the thing down before I believe I understand it. The specific moment I keep returning to is the afternoon I handed in something I knew was mediocre, and instead of grading it you asked me what I would change if I had another week. I did not have an answer, which was the point. I did not understand why it mattered until much later, when I caught myself doing it without deciding to.

— Valeria","I built a static analysis pass that flags database queries inside loops. TypeScript, a lot of SQL, and more shell scripting than I expected. It taught me that a tool nobody trusts is worse than no tool, because it burns the next person's credibility too. I would like to get properly good at databases rather than superstitious about them.","I would talk about competitive dog agility, which I promise is a real sport. It is the only thing I can talk about for ten minutes with no notes.","DSCI 351, BUAD 304, CSCI 103, MATH 407; part-time job ~12 hrs/week"
8/14/2026 23:42:16,camila.petrova@usc.edu,8738345135,Camila Petrova,Mechanical Engineering,Music Recording,2029,she/her/hers,Prefer not to say,Asian,https://drive.google.com/open?id=1HDCLrDL7CFd-sKAxQwWQ58UCsJ46HZMX,,Developer,"I did not expect to care about transit deserts near campus, and then I spent a summer close to it. It is the kind of problem that never becomes urgent enough to fix, so it just quietly costs people hours every week forever. I started a weekly pickup that routes leftovers to a shelter downtown. I learned that a solution nobody adopts is worth less than no solution at all.","My high school's stage crew is the honest answer, even though it is not the impressive one. The whole thing ran on Sunday evenings, which meant everyone there had chosen it over something easier. It was the first place where being confused out loud was normal. What I would bring into CTC is that habit of making the entry cost low.","Dear Dr. Chaudhry,

Thank you for teaching me that a wrong answer said out loud is worth more than a right one kept quiet. There was a week where I was clearly out of my depth and you neither rescued me nor let me drown, which I now understand took actual restraint. I did not understand why it mattered until much later, when I caught myself doing it without deciding to.

— Camila","I built an inventory app for my family's restaurant, written in Django one summer. Go for the service, Figma for the parts I should not have been trusted with. The useful part was sitting with the people using it rather than asking them what they wanted in the abstract. I would like to get properly good at databases rather than superstitious about them.",I would talk about the surprisingly bitter world of competitive crossword construction. It is the only thing I can talk about for ten minutes with no notes.,"CSCI 104, MATH 407, CSCI 103, CSCI 270; club soccer ~6 hrs/week"
8/14/2026 23:42:30,viktor.tran@usc.edu,4103200754,Viktor Trần,Economics,Public Health,2027,,Male,Two or more races,https://drive.google.com/open?id=1jS-uRbfjbQns_bnTPhXz4S2PKMbGB1_C,https://www.linkedin.com/in/viktortrn/,Developer,"The problem I keep coming back to is food waste in dining halls, mostly because I watched it up close. What made it stick was realising that everybody involved was competent and well-meaning and it still did not work, which meant the problem was structural rather than anybody's fault. I wrote a script that cut a four-hour manual process to about ten minutes. What I learned was that the technical part was never the hard part.","The community I belonged to was a mutual aid group that started as a group chat, and it took me a year to notice it had become one. The whole thing ran on Sunday evenings, which meant everyone there had chosen it over something easier. It was the first place where being confused out loud was normal. What I would bring into CTC is that habit of making the entry cost low.","Dear Ms. Sokolov,

Thank you for teaching me how to disagree with someone without making it about them. The specific moment I keep returning to is the afternoon I handed in something I knew was mediocre, and instead of grading it you asked me what I would change if I had another week. I did not have an answer, which was the point. I did not understand why it mattered until much later, when I caught myself doing it without deciding to.

— Viktor","I built a model predicting missed clinic appointments, so patients could be called the day before. TypeScript, a lot of SQL, and more shell scripting than I expected. The useful part was sitting with the people using it rather than asking them what they wanted in the abstract. I am eager to learn more about accessibility work and about testing that is actually worth maintaining.","I would talk about how to fold a fitted sheet, performed live and with stakes. It is the only thing I can talk about for ten minutes with no notes.","CSCI 360, MATH 407, CSCI 103, MATH 225; marching band ~10 hrs/week; TA office hours ~6 hrs/week"
8/14/2026 23:43:44,isabel.tanaka@usc.edu,7003422850,Isabel Tanaka,Industrial and Systems Engineering,Mathematics,2030,she/her/hers,Male,White,https://drive.google.com/open?id=1sMM65NI02lKvokchhx6C1C7KRc21CcoI,https://www.linkedin.com/in/isabeltanaka/,Developer,"I got interested in food waste in dining halls through a job I took for the money and stayed in for other reasons. What made it stick was realising that everybody involved was competent and well-meaning and it still did not work, which meant the problem was structural rather than anybody's fault. I trained two other volunteers so it would survive me graduating. It taught me to make the first version much smaller than I wanted to.","The community I belonged to was a debate circuit that travelled by van, and it took me a year to notice it had become one. We had almost nothing. One working laptop, a whiteboard somebody had rescued from a skip, and a standing agreement that you cleaned up whether or not it was your mess. We shared tools and, more importantly, shared credit. What I would bring into CTC is that habit of making the entry cost low.","Dear Professor Vargas,

Thank you for teaching me that ""good enough, shipped"" beats ""perfect, someday"". You told me once, fairly bluntly, that I was hiding behind how much I had read. It was the most useful unkind thing anyone has said to me. I did not understand why it mattered until much later, when I caught myself doing it without deciding to.

— Isabel","I built an inventory app for my family's restaurant, written in Django one summer. Mostly Python and Postgres, with enough React to be dangerous. The lesson was about adoption, not analysis: the first version had a 30% false positive rate and people turned it off inside a week. I am eager to learn more about accessibility work and about testing that is actually worth maintaining.",I would talk about how to sight-read music badly but confidently. I have given a version of this at a dinner table and it worked.,"MATH 226, MATH 225, CSCI 201, CSCI 270, CSCI 360; tutoring ~4 hrs/week"
8/14/2026 23:43:51,elena.halvorsen@usc.edu,1784434399,Elena Halvorsen,"Computer Science, Linguistics",Philosophy,2030,he/him/his,Male,American Indian or Alaska Native,https://drive.google.com/open?id=1qBpbVIx6GXRQgUgHJH0dc1lqvD4Up6P1,,Designer,I think the way clinics schedule appointments is a real problem. It was a good experience overall.,A community garden run entirely by retirees and me was my community. I hope to bring that energy to CTC.,"Dear Dr. Silva,

Thank you for teaching me that I should write the thing down before I believe I understand it. It mattered to me.

— Elena","I built a model predicting missed clinic appointments, so patients could be called the day before. I would like to get properly good at databases rather than superstitious about them.",I would talk about why the QWERTY story you have heard is wrong. It is interesting.,"CSCI 201, CSCI 104, BUAD 304; intramural volleyball ~3 hrs/week; club soccer ~6 hrs/week"
8/14/2026 23:44:59,rania.reyes@usc.edu,3155669801,Rania Reyes,Environmental Studies,Spanish,2028,he/him/his,Female,White,https://drive.google.com/open?id=1tW9sf19KCsF236DLHKYQCsLSHUbBYID0,,Designer,"The problem I keep coming back to is the way clinics schedule appointments, mostly because I watched it up close. I spent last summer working somewhere it was impossible to ignore, and the pattern was always the same: the people closest to it had known about it for years and had never been asked. I started a weekly pickup that routes leftovers to a shelter downtown. It taught me to make the first version much smaller than I wanted to.","A robotics team that met in a borrowed garage is the honest answer, even though it is not the impressive one. There was no hierarchy to speak of, which sounds idealistic and was mostly just practical: whoever knew how to do the thing did the thing, and taught the next person. People stayed after to clean up without anyone organising it. The thing worth carrying over is that nobody there performed competence they did not have.","Dear Ms. Silva,

Thank you for teaching me that I was allowed to start things without permission. I remember you stopping a whole session because one person had not followed, and doing it in a way that made it obvious the fault was in the explanation rather than in them. I have tried to run every meeting I lead like that since. I did not understand why it mattered until much later, when I caught myself doing it without deciding to.

— Rania","I built a parser for a niche scientific file format, now with eight regular bug reporters. TypeScript, a lot of SQL, and more shell scripting than I expected. What surprised me was the maintenance cost; I had thought of shipping as the finish line. I want to learn how to scope a project so it can ship in a semester.",I would talk about the surprisingly bitter world of competitive crossword construction. It is the only thing I can talk about for ten minutes with no notes.,"ITP 259, DSCI 351; another club board position ~5 hrs/week; TA office hours ~6 hrs/week"
